timestamp,open,high,low,close,volume
2026-07-25 13:34:00+00:00,64110.6,64124.7,64110.6,64124.7,1.9684
2026-07-25 13:35:00+00:00,64124.7,64124.7,64124.6,64124.7,0.074556
2026-07-25 13:36:00+00:00,64124.7,64124.7,64124.6,64124.6,0.073017
2026-07-25 13:37:00+00:00,64124.6,64124.7,64124.6,64124.6,0.457176
2026-07-25 13:38:00+00:00,64124.6,64126.7,64124.6,64126.6,1.016602
2026-07-25 13:39:00+00:00,64126.6,64141.1,64126.6,64135.3,3.253731
2026-07-25 13:40:00+00:00,64135.3,64171.8,64135.3,64171.7,2.387018
2026-07-25 13:41:00+00:00,64171.7,64195.0,64171.7,64179.6,4.609106
2026-07-25 13:42:00+00:00,64179.6,64179.7,64171.7,64175.0,1.898499
2026-07-25 13:43:00+00:00,64175.0,64191.1,64175.0,64186.8,4.515432
2026-07-25 13:44:00+00:00,64186.8,64190.4,64186.7,64190.4,0.361337
2026-07-25 13:45:00+00:00,64190.4,64236.6,64190.3,64226.3,13.037768
2026-07-25 13:46:00+00:00,64226.3,64259.4,64223.6,64238.7,7.006053
2026-07-25 13:47:00+00:00,64238.7,64238.8,64210.6,64224.9,3.563139
2026-07-25 13:48:00+00:00,64224.9,64235.5,64224.9,64230.2,2.279104
2026-07-25 13:49:00+00:00,64230.2,64263.4,64230.2,64235.4,9.214817
2026-07-25 13:50:00+00:00,64235.4,64235.5,64227.6,64227.6,2.159424
2026-07-25 13:51:00+00:00,64227.6,64227.7,64208.7,64208.7,6.376878
2026-07-25 13:52:00+00:00,64208.7,64218.6,64207.2,64207.2,3.236241
2026-07-25 13:53:00+00:00,64207.2,64207.2,64178.7,64197.2,6.432482
2026-07-25 13:54:00+00:00,64197.2,64197.2,64181.5,64181.6,1.686063
2026-07-25 13:55:00+00:00,64181.6,64181.6,64175.9,64175.9,0.492704
2026-07-25 13:56:00+00:00,64175.9,64175.9,64135.9,64145.6,5.072807
2026-07-25 13:57:00+00:00,64145.6,64145.7,64144.4,64145.6,1.342859
2026-07-25 13:58:00+00:00,64145.6,64146.2,64145.6,64146.1,0.449386
2026-07-25 13:59:00+00:00,64146.1,64176.3,64146.1,64168.3,6.575662
2026-07-25 14:00:00+00:00,64168.3,64168.4,64115.2,64115.2,10.979316
2026-07-25 14:01:00+00:00,64115.2,64126.1,64115.2,64120.2,3.970523
2026-07-25 14:02:00+00:00,64120.2,64127.4,64120.1,64127.4,1.221962
2026-07-25 14:03:00+00:00,64127.4,64127.4,64127.3,64127.4,0.120559
2026-07-25 14:04:00+00:00,64127.4,64127.4,64127.3,64127.4,0.053683
2026-07-25 14:05:00+00:00,64127.4,64154.2,64127.3,64154.1,1.495791
2026-07-25 14:06:00+00:00,64154.1,64154.2,64152.1,64152.2,0.288354
2026-07-25 14:07:00+00:00,64152.2,64152.2,64132.4,64145.3,3.280323
2026-07-25 14:08:00+00:00,64145.3,64157.7,64145.2,64157.7,1.068665
2026-07-25 14:09:00+00:00,64157.7,64174.0,64157.6,64174.0,0.937218
2026-07-25 14:10:00+00:00,64174.0,64177.2,64169.2,64169.2,2.016748
2026-07-25 14:11:00+00:00,64169.2,64169.2,64138.6,64149.9,7.134479
2026-07-25 14:12:00+00:00,64149.9,64150.0,64149.9,64149.9,0.433737
2026-07-25 14:13:00+00:00,64149.9,64158.1,64149.9,64158.1,0.71662
2026-07-25 14:14:00+00:00,64158.1,64168.7,64158.1,64168.6,0.795554
2026-07-25 14:15:00+00:00,64168.6,64179.5,64168.6,64179.4,0.629774
2026-07-25 14:16:00+00:00,64179.4,64179.4,64177.4,64177.5,1.61324
2026-07-25 14:17:00+00:00,64177.5,64177.5,64164.1,64164.2,1.613745
2026-07-25 14:18:00+00:00,64164.2,64164.2,64161.5,64161.5,0.48237
2026-07-25 14:19:00+00:00,64161.5,64162.3,64156.4,64162.2,2.160416
2026-07-25 14:20:00+00:00,64162.2,64164.3,64150.8,64150.8,1.760126
2026-07-25 14:21:00+00:00,64150.8,64150.9,64149.6,64149.7,0.522962
2026-07-25 14:22:00+00:00,64149.7,64149.7,64132.6,64135.8,2.746191
2026-07-25 14:23:00+00:00,64135.8,64140.7,64133.1,64140.7,3.553885
2026-07-25 14:24:00+00:00,64140.7,64148.0,64140.7,64148.0,0.962171
2026-07-25 14:25:00+00:00,64148.0,64148.0,64147.9,64147.9,0.03867
2026-07-25 14:26:00+00:00,64147.9,64148.0,64135.3,64135.3,2.660763
2026-07-25 14:27:00+00:00,64135.3,64147.9,64135.2,64147.9,1.491366
2026-07-25 14:28:00+00:00,64147.9,64158.5,64146.0,64158.5,1.627608
2026-07-25 14:29:00+00:00,64158.5,64158.5,64158.4,64158.5,0.104944
2026-07-25 14:30:00+00:00,64158.5,64159.8,64158.4,64159.7,0.225824
2026-07-25 14:31:00+00:00,64159.7,64167.8,64159.7,64167.8,1.548533
2026-07-25 14:32:00+00:00,64167.8,64167.9,64167.8,64167.8,0.259349
2026-07-25 14:33:00+00:00,64167.8,64167.9,64167.8,64167.8,0.254528
2026-07-25 14:34:00+00:00,64167.8,64182.0,64167.8,64171.5,9.506844
2026-07-25 14:35:00+00:00,64171.5,64173.1,64168.2,64173.0,1.015373
2026-07-25 14:36:00+00:00,64173.0,64203.4,64173.0,64195.8,4.335805
2026-07-25 14:37:00+00:00,64195.8,64195.9,64190.1,64190.1,0.775351
2026-07-25 14:38:00+00:00,64190.1,64195.6,64184.4,64188.2,2.509895
2026-07-25 14:39:00+00:00,64188.2,64192.2,64188.2,64190.5,0.853125
2026-07-25 14:40:00+00:00,64190.5,64191.8,64190.4,64191.8,0.285734
2026-07-25 14:41:00+00:00,64191.8,64192.5,64191.8,64192.4,0.242268
2026-07-25 14:42:00+00:00,64192.4,64192.5,64178.3,64178.3,2.769968
2026-07-25 14:43:00+00:00,64178.3,64178.4,64171.3,64171.3,0.375708
2026-07-25 14:44:00+00:00,64171.3,64193.0,64171.3,64193.0,2.02151
2026-07-25 14:45:00+00:00,64193.0,64193.0,64185.1,64185.2,1.028761
2026-07-25 14:46:00+00:00,64185.2,64185.2,64172.0,64173.1,1.361212
2026-07-25 14:47:00+00:00,64173.1,64173.2,64173.1,64173.1,0.176666
2026-07-25 14:48:00+00:00,64173.1,64181.3,64173.1,64179.9,2.996829
2026-07-25 14:49:00+00:00,64179.9,64179.9,64175.9,64175.9,0.614984
2026-07-25 14:50:00+00:00,64175.9,64176.0,64170.7,64170.7,0.563541
2026-07-25 14:51:00+00:00,64170.7,64170.8,64169.4,64169.4,0.604457
2026-07-25 14:52:00+00:00,64169.4,64184.0,64169.4,64184.0,1.854122
2026-07-25 14:53:00+00:00,64184.0,64203.5,64183.9,64203.4,2.812722
2026-07-25 14:54:00+00:00,64203.4,64204.8,64203.4,64204.7,0.280134
2026-07-25 14:55:00+00:00,64204.7,64212.8,64204.7,64211.5,2.570246
2026-07-25 14:56:00+00:00,64211.5,64211.6,64207.3,64207.3,0.97605
2026-07-25 14:57:00+00:00,64207.3,64216.6,64207.3,64215.4,1.174137
2026-07-25 14:58:00+00:00,64215.4,64215.4,64210.5,64210.6,0.802089
2026-07-25 14:59:00+00:00,64210.6,64210.6,64207.2,64207.2,0.338189
2026-07-25 15:00:00+00:00,64207.2,64207.2,64190.9,64191.0,1.37518
2026-07-25 15:01:00+00:00,64191.0,64196.7,64190.9,64196.7,1.347637
2026-07-25 15:02:00+00:00,64196.7,64196.8,64181.0,64181.0,1.497919
2026-07-25 15:03:00+00:00,64181.0,64181.1,64181.0,64181.0,0.181422
2026-07-25 15:04:00+00:00,64181.0,64188.6,64181.0,64188.6,0.583314
2026-07-25 15:05:00+00:00,64188.6,64193.8,64188.6,64193.8,2.286069
2026-07-25 15:06:00+00:00,64193.8,64219.0,64193.8,64219.0,1.421929
2026-07-25 15:07:00+00:00,64219.0,64219.8,64213.6,64213.7,2.332876
2026-07-25 15:08:00+00:00,64213.7,64216.2,64209.5,64209.6,1.204096
2026-07-25 15:09:00+00:00,64209.6,64222.2,64209.5,64222.2,2.470624
2026-07-25 15:10:00+00:00,64222.2,64232.0,64222.2,64226.2,6.54014
2026-07-25 15:11:00+00:00,64226.2,64226.2,64222.1,64222.1,1.636507
2026-07-25 15:12:00+00:00,64222.1,64248.0,64222.1,64248.0,3.710094
2026-07-25 15:13:00+00:00,64248.0,64257.1,64248.0,64257.1,2.047843
2026-07-25 15:14:00+00:00,64257.1,64257.2,64236.8,64246.6,8.629691
2026-07-25 15:15:00+00:00,64246.6,64256.9,64246.6,64256.9,1.486229
2026-07-25 15:16:00+00:00,64256.9,64275.7,64256.8,64261.7,5.659202
2026-07-25 15:17:00+00:00,64261.7,64261.7,64233.6,64251.6,6.055442
2026-07-25 15:18:00+00:00,64251.6,64251.6,64235.8,64235.8,3.133936
2026-07-25 15:19:00+00:00,64235.8,64244.8,64230.7,64244.8,6.157702
2026-07-25 15:20:00+00:00,64244.8,64268.6,64244.8,64259.8,3.91703
2026-07-25 15:21:00+00:00,64259.8,64259.8,64233.9,64234.0,1.650636
2026-07-25 15:22:00+00:00,64234.0,64244.8,64233.9,64242.3,5.70445
2026-07-25 15:23:00+00:00,64242.3,64242.4,64230.0,64230.0,17.768029
2026-07-25 15:24:00+00:00,64230.0,64230.1,64230.0,64230.0,4.513284
2026-07-25 15:25:00+00:00,64230.0,64230.1,64218.8,64218.8,45.085871
2026-07-25 15:26:00+00:00,64218.8,64218.9,64217.7,64217.7,0.464259
2026-07-25 15:27:00+00:00,64217.7,64217.8,64199.6,64203.0,5.752209
2026-07-25 15:28:00+00:00,64203.0,64207.0,64203.0,64207.0,0.769253
2026-07-25 15:29:00+00:00,64207.0,64207.0,64206.9,64207.0,0.334721
2026-07-25 15:30:00+00:00,64207.0,64207.0,64192.8,64192.9,2.170466
2026-07-25 15:31:00+00:00,64192.9,64192.9,64186.5,64188.5,1.825283
2026-07-25 15:32:00+00:00,64188.5,64188.6,64188.5,64188.5,0.017504
2026-07-25 15:33:00+00:00,64188.5,64192.9,64185.2,64185.2,4.996865
2026-07-25 15:34:00+00:00,64185.2,64185.3,64185.2,64185.2,0.077073
2026-07-25 15:35:00+00:00,64185.2,64204.8,64185.2,64204.8,2.673391
2026-07-25 15:36:00+00:00,64204.8,64218.6,64204.7,64218.6,1.096729
2026-07-25 15:37:00+00:00,64218.6,64223.8,64216.3,64216.4,2.730882
2026-07-25 15:38:00+00:00,64216.4,64233.5,64216.3,64233.5,2.086673
2026-07-25 15:39:00+00:00,64233.5,64236.1,64220.6,64236.1,4.06688
2026-07-25 15:40:00+00:00,64236.1,64237.4,64231.2,64231.2,1.034032
2026-07-25 15:41:00+00:00,64231.2,64231.3,64224.2,64224.2,0.447463
2026-07-25 15:42:00+00:00,64224.2,64224.3,64224.2,64224.2,0.578905
2026-07-25 15:43:00+00:00,64224.2,64226.8,64218.6,64218.6,4.744774
2026-07-25 15:44:00+00:00,64218.6,64218.7,64214.6,64217.1,1.924012
2026-07-25 15:45:00+00:00,64217.1,64219.5,64217.1,64219.5,0.458701
2026-07-25 15:46:00+00:00,64219.5,64221.4,64210.1,64210.1,1.583797
2026-07-25 15:47:00+00:00,64210.1,64210.2,64207.6,64207.7,0.396574
2026-07-25 15:48:00+00:00,64207.7,64207.7,64197.6,64205.3,3.086722
2026-07-25 15:49:00+00:00,64205.3,64205.6,64190.9,64191.0,4.051809
2026-07-25 15:50:00+00:00,64191.0,64191.0,64180.9,64181.0,0.741336
2026-07-25 15:51:00+00:00,64181.0,64189.5,64180.9,64189.5,1.695712
2026-07-25 15:52:00+00:00,64189.5,64194.8,64189.5,64194.8,0.585161
2026-07-25 15:53:00+00:00,64194.8,64194.8,64186.5,64186.6,0.645628
2026-07-25 15:54:00+00:00,64186.6,64186.6,64185.3,64185.3,0.503191
2026-07-25 15:55:00+00:00,64185.3,64186.5,64171.1,64186.4,3.651667
2026-07-25 15:56:00+00:00,64186.4,64186.5,64186.4,64186.4,0.090841
2026-07-25 15:57:00+00:00,64186.4,64186.5,64179.0,64179.0,1.17245
2026-07-25 15:58:00+00:00,64179.0,64179.4,64179.0,64179.3,2.457291
2026-07-25 15:59:00+00:00,64179.3,64179.4,64179.3,64179.4,0.289977
2026-07-25 16:00:00+00:00,64179.4,64188.5,64179.4,64188.5,0.740418
2026-07-25 16:01:00+00:00,64188.5,64207.0,64188.4,64206.9,2.721676
2026-07-25 16:02:00+00:00,64206.9,64207.8,64206.9,64207.7,0.536724
2026-07-25 16:03:00+00:00,64207.7,64207.8,64195.2,64195.3,2.128569
2026-07-25 16:04:00+00:00,64195.3,64195.3,64189.7,64189.8,0.439803
2026-07-25 16:05:00+00:00,64189.8,64189.8,64189.7,64189.7,0.047577
2026-07-25 16:06:00+00:00,64189.7,64198.5,64180.4,64198.4,3.858895
2026-07-25 16:07:00+00:00,64198.4,64201.2,64175.6,64175.6,2.342403
2026-07-25 16:08:00+00:00,64175.6,64175.7,64167.3,64167.4,0.513136
2026-07-25 16:09:00+00:00,64167.4,64167.4,64155.3,64155.4,2.34503
2026-07-25 16:10:00+00:00,64155.4,64163.1,64155.3,64163.1,4.549402
2026-07-25 16:11:00+00:00,64163.1,64175.4,64162.3,64175.4,1.825457
2026-07-25 16:12:00+00:00,64175.4,64176.7,64175.3,64176.6,0.386385
2026-07-25 16:13:00+00:00,64176.6,64193.1,64176.6,64193.0,1.078435
2026-07-25 16:14:00+00:00,64193.0,64210.3,64193.0,64210.2,1.573415
2026-07-25 16:15:00+00:00,64210.2,64210.3,64196.1,64196.1,1.039763
2026-07-25 16:16:00+00:00,64196.1,64196.2,64196.1,64196.1,0.430127
2026-07-25 16:17:00+00:00,64196.1,64196.2,64174.6,64174.7,2.0022
2026-07-25 16:18:00+00:00,64174.7,64186.9,64174.7,64184.9,1.164687
2026-07-25 16:19:00+00:00,64184.9,64184.9,64169.4,64170.0,0.964856
2026-07-25 16:20:00+00:00,64170.0,64170.0,64165.8,64165.8,0.674319
2026-07-25 16:21:00+00:00,64165.8,64171.5,64165.8,64171.4,0.585746
2026-07-25 16:22:00+00:00,64171.4,64171.5,64157.6,64157.7,0.998864
2026-07-25 16:23:00+00:00,64157.7,64157.7,64141.4,64147.4,9.749903
2026-07-25 16:24:00+00:00,64147.4,64147.4,64135.7,64137.1,1.490328
2026-07-25 16:25:00+00:00,64137.1,64137.1,64125.0,64127.1,4.073988
2026-07-25 16:26:00+00:00,64127.1,64127.1,64126.0,64126.1,1.404237
2026-07-25 16:27:00+00:00,64126.1,64141.1,64126.0,64141.0,3.066549
2026-07-25 16:28:00+00:00,64141.0,64144.4,64141.0,64144.3,1.107965
2026-07-25 16:29:00+00:00,64144.3,64144.3,64138.3,64138.4,1.129583
2026-07-25 16:30:00+00:00,64138.4,64150.2,64138.4,64144.3,4.481858
2026-07-25 16:31:00+00:00,64144.3,64144.3,64141.1,64141.1,1.158915
2026-07-25 16:32:00+00:00,64141.1,64156.5,64141.1,64156.4,0.813774
2026-07-25 16:33:00+00:00,64156.4,64171.6,64156.4,64167.8,2.754937
2026-07-25 16:34:00+00:00,64167.8,64181.0,64163.7,64180.9,2.66979
2026-07-25 16:35:00+00:00,64180.9,64187.6,64180.9,64187.5,0.688077
2026-07-25 16:36:00+00:00,64187.5,64189.1,64187.5,64189.1,0.204061
2026-07-25 16:37:00+00:00,64189.1,64197.6,64189.1,64197.6,1.392506
2026-07-25 16:38:00+00:00,64197.6,64197.8,64180.9,64182.9,2.929777
2026-07-25 16:39:00+00:00,64182.9,64189.5,64182.9,64189.5,0.7743
2026-07-25 16:40:00+00:00,64189.5,64195.9,64189.4,64195.9,0.955531
2026-07-25 16:41:00+00:00,64195.9,64203.2,64195.8,64203.2,1.124618
2026-07-25 16:42:00+00:00,64203.2,64203.3,64203.2,64203.2,0.172835
2026-07-25 16:43:00+00:00,64203.2,64203.3,64203.2,64203.3,0.058777
2026-07-25 16:44:00+00:00,64203.3,64203.3,64203.2,64203.3,0.169501
2026-07-25 16:45:00+00:00,64203.3,64203.3,64203.2,64203.3,0.064036
2026-07-25 16:46:00+00:00,64203.3,64211.2,64203.2,64211.1,1.09545
2026-07-25 16:47:00+00:00,64211.1,64232.0,64211.1,64231.9,1.515797
2026-07-25 16:48:00+00:00,64231.9,64246.9,64225.3,64229.3,2.566514
2026-07-25 16:49:00+00:00,64229.3,64243.7,64226.5,64226.6,2.13956
2026-07-25 16:50:00+00:00,64226.6,64227.1,64223.3,64223.3,2.132704
2026-07-25 16:51:00+00:00,64223.3,64223.3,64203.6,64203.6,1.782752
2026-07-25 16:52:00+00:00,64203.6,64214.7,64203.6,64212.5,1.374491
2026-07-25 16:53:00+00:00,64212.5,64212.5,64207.8,64207.9,0.377803
2026-07-25 16:54:00+00:00,64207.9,64207.9,64207.8,64207.8,0.070365
2026-07-25 16:55:00+00:00,64207.8,64207.9,64189.5,64189.5,0.846193
2026-07-25 16:56:00+00:00,64189.5,64189.6,64189.5,64189.5,0.076395
2026-07-25 16:57:00+00:00,64189.5,64207.4,64189.5,64207.3,3.883269
2026-07-25 16:58:00+00:00,64207.3,64212.1,64205.4,64211.7,3.632181
2026-07-25 16:59:00+00:00,64211.7,64211.8,64211.7,64211.8,0.0269
2026-07-25 17:00:00+00:00,64211.8,64211.8,64210.4,64210.4,1.217902
2026-07-25 17:01:00+00:00,64210.4,64214.8,64209.2,64211.3,2.033983
2026-07-25 17:02:00+00:00,64211.3,64220.7,64207.3,64220.7,1.695069
2026-07-25 17:03:00+00:00,64220.7,64232.5,64220.6,64232.5,0.950652
2026-07-25 17:04:00+00:00,64232.5,64236.6,64232.4,64235.2,1.053467
2026-07-25 17:05:00+00:00,64235.2,64236.6,64235.2,64236.6,0.227734
2026-07-25 17:06:00+00:00,64236.6,64236.6,64223.7,64223.7,1.410642
2026-07-25 17:07:00+00:00,64223.7,64223.8,64223.7,64223.8,0.014315
2026-07-25 17:08:00+00:00,64223.8,64223.8,64223.2,64223.2,0.139157
2026-07-25 17:09:00+00:00,64223.2,64223.3,64222.0,64222.1,1.280793
2026-07-25 17:10:00+00:00,64222.1,64222.1,64222.0,64222.1,0.69249
2026-07-25 17:11:00+00:00,64222.1,64222.1,64213.6,64213.6,1.032969
2026-07-25 17:12:00+00:00,64213.6,64213.7,64191.9,64202.6,5.434229
2026-07-25 17:13:00+00:00,64202.6,64202.7,64202.6,64202.6,0.328404
2026-07-25 17:14:00+00:00,64202.6,64212.4,64202.6,64212.3,1.391352
2026-07-25 17:15:00+00:00,64212.3,64214.5,64212.3,64214.5,0.268224
2026-07-25 17:16:00+00:00,64214.5,64235.5,64214.4,64235.5,1.379166
2026-07-25 17:17:00+00:00,64235.5,64236.9,64226.8,64229.1,1.224457
2026-07-25 17:18:00+00:00,64229.1,64232.7,64229.1,64232.7,0.31986
2026-07-25 17:19:00+00:00,64232.7,64232.8,64219.9,64219.9,1.729874
2026-07-25 17:20:00+00:00,64219.9,64221.3,64219.3,64219.3,0.808414
2026-07-25 17:21:00+00:00,64219.3,64230.3,64219.3,64230.2,1.507231
2026-07-25 17:22:00+00:00,64230.2,64236.7,64230.2,64236.7,0.333445
2026-07-25 17:23:00+00:00,64236.7,64250.0,64236.6,64250.0,1.497085
2026-07-25 17:24:00+00:00,64250.0,64251.0,64249.9,64251.0,0.286125
2026-07-25 17:25:00+00:00,64251.0,64266.8,64251.0,64257.2,3.198284
2026-07-25 17:26:00+00:00,64257.2,64270.0,64257.2,64270.0,0.545379
2026-07-25 17:27:00+00:00,64270.0,64281.6,64270.0,64281.6,1.741905
2026-07-25 17:28:00+00:00,64281.6,64283.0,64275.0,64278.9,5.727682
2026-07-25 17:29:00+00:00,64278.9,64278.9,64270.6,64270.6,0.720557
2026-07-25 17:30:00+00:00,64270.6,64270.7,64260.5,64260.5,1.333812
2026-07-25 17:31:00+00:00,64260.5,64263.5,64253.5,64263.4,0.759967
2026-07-25 17:32:00+00:00,64263.4,64263.5,64263.4,64263.5,0.427888
2026-07-25 17:33:00+00:00,64263.5,64287.3,64263.4,64287.3,2.107771
2026-07-25 17:34:00+00:00,64287.3,64301.4,64287.3,64301.4,3.13268
2026-07-25 17:35:00+00:00,64301.4,64318.0,64296.7,64296.7,2.929976
2026-07-25 17:36:00+00:00,64296.7,64296.8,64287.2,64287.2,0.97991
2026-07-25 17:37:00+00:00,64287.2,64287.3,64273.6,64273.6,1.101881
2026-07-25 17:38:00+00:00,64273.6,64273.7,64273.6,64273.7,0.219135
2026-07-25 17:39:00+00:00,64273.7,64273.7,64263.2,64263.2,3.117549
2026-07-25 17:40:00+00:00,64263.2,64280.1,64263.2,64280.1,3.974858
2026-07-25 17:41:00+00:00,64280.1,64294.4,64280.0,64292.2,2.06255
2026-07-25 17:42:00+00:00,64292.2,64292.2,64289.5,64289.5,1.677645
2026-07-25 17:43:00+00:00,64289.5,64289.6,64289.5,64289.6,0.07094
2026-07-25 17:44:00+00:00,64289.6,64289.6,64287.1,64288.3,0.852422
2026-07-25 17:45:00+00:00,64288.3,64293.2,64288.3,64293.2,1.403905
2026-07-25 17:46:00+00:00,64293.2,64293.2,64293.1,64293.2,0.045725
2026-07-25 17:47:00+00:00,64293.2,64305.0,64293.1,64305.0,1.960055
2026-07-25 17:48:00+00:00,64305.0,64348.7,64276.0,64276.0,11.619943
2026-07-25 17:49:00+00:00,64276.0,64276.0,64267.6,64267.7,1.081848
2026-07-25 17:50:00+00:00,64267.7,64301.0,64267.6,64300.9,11.161903
2026-07-25 17:51:00+00:00,64300.9,64300.9,64282.1,64282.1,1.513233
2026-07-25 17:52:00+00:00,64282.1,64282.1,64262.6,64262.6,1.750286
2026-07-25 17:53:00+00:00,64262.6,64266.6,64256.5,64266.5,2.291814
2026-07-25 17:54:00+00:00,64266.5,64266.6,64266.5,64266.6,0.092164
2026-07-25 17:55:00+00:00,64266.6,64266.6,64263.5,64263.5,0.582814
2026-07-25 17:56:00+00:00,64263.5,64263.6,64258.0,64258.1,0.60616
2026-07-25 17:57:00+00:00,64258.1,64258.1,64257.2,64257.2,0.121614
2026-07-25 17:58:00+00:00,64257.2,64257.3,64249.8,64249.9,1.425038
2026-07-25 17:59:00+00:00,64249.9,64263.8,64248.6,64263.8,2.329703
2026-07-25 18:00:00+00:00,64263.8,64279.0,64263.8,64279.0,1.687867
2026-07-25 18:01:00+00:00,64279.0,64351.2,64278.9,64349.3,7.134194
2026-07-25 18:02:00+00:00,64349.3,64420.0,64349.3,64413.6,16.828233
2026-07-25 18:03:00+00:00,64413.6,64416.3,64358.2,64358.2,8.635829
2026-07-25 18:04:00+00:00,64358.2,64363.4,64350.9,64362.6,2.83909
2026-07-25 18:05:00+00:00,64362.6,64381.1,64331.1,64339.0,4.71075
2026-07-25 18:06:00+00:00,64339.0,64345.2,64336.9,64336.9,1.155336
2026-07-25 18:07:00+00:00,64336.9,64376.0,64329.4,64370.2,4.122394
2026-07-25 18:08:00+00:00,64370.2,64376.7,64358.5,64368.7,2.165632
2026-07-25 18:09:00+00:00,64368.7,64369.7,64342.5,64342.5,2.793415
2026-07-25 18:10:00+00:00,64342.5,64353.9,64342.5,64353.9,2.731118
2026-07-25 18:11:00+00:00,64353.9,64374.5,64353.9,64374.5,1.620363
2026-07-25 18:12:00+00:00,64374.5,64375.3,64371.2,64375.3,1.369576
2026-07-25 18:13:00+00:00,64375.3,64375.3,64370.8,64370.8,1.487005
2026-07-25 18:14:00+00:00,64370.8,64370.9,64354.2,64355.0,3.430167
2026-07-25 18:15:00+00:00,64355.0,64360.6,64350.8,64360.6,1.132424
2026-07-25 18:16:00+00:00,64360.6,64360.6,64346.3,64346.3,1.612572
2026-07-25 18:17:00+00:00,64346.3,64347.1,64343.7,64347.0,0.7237
2026-07-25 18:18:00+00:00,64347.0,64370.3,64347.0,64370.2,1.696071
2026-07-25 18:19:00+00:00,64370.2,64370.3,64370.2,64370.2,0.049058
2026-07-25 18:20:00+00:00,64370.2,64370.3,64349.3,64355.1,2.373492
2026-07-25 18:21:00+00:00,64355.1,64367.7,64355.1,64361.6,2.31517
2026-07-25 18:22:00+00:00,64361.6,64362.6,64361.6,64362.5,0.373236
2026-07-25 18:23:00+00:00,64362.5,64363.9,64362.5,64363.8,0.201719
2026-07-25 18:24:00+00:00,64363.8,64369.1,64363.8,64365.9,1.216626
2026-07-25 18:25:00+00:00,64365.9,64373.6,64365.9,64366.5,1.241696
2026-07-25 18:26:00+00:00,64366.5,64371.5,64366.4,64371.4,0.353621
2026-07-25 18:27:00+00:00,64371.4,64371.5,64371.4,64371.5,0.2496
2026-07-25 18:28:00+00:00,64371.5,64399.4,64371.5,64399.3,1.111468
2026-07-25 18:29:00+00:00,64399.3,64418.7,64399.3,64418.7,1.065115
2026-07-25 18:30:00+00:00,64418.7,64418.7,64408.3,64410.9,2.169563
2026-07-25 18:31:00+00:00,64410.9,64411.0,64383.8,64383.8,2.678165
2026-07-25 18:32:00+00:00,64383.8,64396.3,64383.8,64396.2,1.571415
2026-07-25 18:33:00+00:00,64396.2,64438.5,64396.2,64438.5,15.114436
2026-07-25 18:34:00+00:00,64438.5,64438.5,64422.1,64427.4,2.753863
2026-07-25 18:35:00+00:00,64427.4,64427.4,64409.3,64409.3,2.228967
2026-07-25 18:36:00+00:00,64409.3,64409.4,64392.5,64392.5,3.882759
2026-07-25 18:37:00+00:00,64392.5,64392.5,64389.7,64389.8,0.656781
2026-07-25 18:38:00+00:00,64389.8,64389.8,64389.7,64389.7,0.116599
2026-07-25 18:39:00+00:00,64389.7,64389.8,64389.7,64389.7,0.432132
2026-07-25 18:40:00+00:00,64389.7,64395.0,64389.7,64392.3,2.567892
2026-07-25 18:41:00+00:00,64392.3,64392.4,64378.8,64378.8,1.078963
2026-07-25 18:42:00+00:00,64378.8,64378.9,64378.8,64378.8,0.068874
2026-07-25 18:43:00+00:00,64378.8,64394.4,64378.8,64394.4,3.669435
2026-07-25 18:44:00+00:00,64394.4,64396.3,64394.3,64394.3,1.161484
2026-07-25 18:45:00+00:00,64394.3,64394.4,64394.3,64394.3,1.337203
2026-07-25 18:46:00+00:00,64394.3,64408.6,64394.3,64408.6,1.186515
2026-07-25 18:47:00+00:00,64408.6,64423.2,64408.6,64423.1,1.162117
2026-07-25 18:48:00+00:00,64423.1,64423.2,64413.1,64413.2,1.287524
2026-07-25 18:49:00+00:00,64413.2,64413.2,64413.1,64413.2,0.229082
2026-07-25 18:50:00+00:00,64413.2,64413.2,64408.7,64408.8,1.104905
2026-07-25 18:51:00+00:00,64408.8,64416.5,64408.7,64415.5,1.719327
2026-07-25 18:52:00+00:00,64415.5,64443.7,64415.5,64440.3,4.385373
2026-07-25 18:53:00+00:00,64440.3,64440.4,64390.4,64390.4,5.939649
2026-07-25 18:54:00+00:00,64390.4,64390.5,64390.4,64390.5,0.101202
2026-07-25 18:55:00+00:00,64390.5,64407.0,64390.5,64407.0,3.092329
2026-07-25 18:56:00+00:00,64407.0,64417.2,64407.0,64417.1,0.495674
2026-07-25 18:57:00+00:00,64417.1,64426.4,64417.1,64426.3,0.87609
2026-07-25 18:58:00+00:00,64426.3,64426.4,64426.3,64426.3,0.472319
2026-07-25 18:59:00+00:00,64426.3,64426.4,64412.8,64415.1,1.978734
2026-07-25 19:00:00+00:00,64415.1,64421.0,64399.5,64399.6,2.137542
2026-07-25 19:01:00+00:00,64399.6,64430.7,64399.6,64430.7,4.424297
2026-07-25 19:02:00+00:00,64430.7,64430.7,64430.6,64430.6,0.237016
2026-07-25 19:03:00+00:00,64430.6,64430.6,64420.8,64425.1,2.095767
2026-07-25 19:04:00+00:00,64425.1,64442.1,64425.0,64439.4,1.353899
2026-07-25 19:05:00+00:00,64439.4,64439.4,64430.5,64436.0,2.213196
2026-07-25 19:06:00+00:00,64436.0,64436.1,64421.4,64421.4,1.72127
2026-07-25 19:07:00+00:00,64421.4,64421.5,64410.2,64410.3,1.247704
2026-07-25 19:08:00+00:00,64410.3,64410.3,64410.2,64410.3,0.421954
2026-07-25 19:09:00+00:00,64410.3,64423.2,64410.3,64420.3,1.803078
2026-07-25 19:10:00+00:00,64420.3,64432.0,64420.3,64431.9,0.691366
2026-07-25 19:11:00+00:00,64431.9,64437.3,64431.9,64437.2,0.313825
2026-07-25 19:12:00+00:00,64437.2,64440.1,64437.2,64438.1,0.679526
2026-07-25 19:13:00+00:00,64438.1,64438.1,64435.6,64435.7,0.549782
2026-07-25 19:14:00+00:00,64435.7,64436.0,64430.9,64430.9,3.66281
2026-07-25 19:15:00+00:00,64430.9,64430.9,64403.2,64403.2,2.287258
2026-07-25 19:16:00+00:00,64403.2,64406.9,64393.9,64406.9,4.244416
2026-07-25 19:17:00+00:00,64406.9,64406.9,64401.0,64401.0,0.319801
2026-07-25 19:18:00+00:00,64401.0,64401.1,64401.0,64401.0,0.060841
2026-07-25 19:19:00+00:00,64401.0,64406.8,64396.9,64406.8,1.861657
2026-07-25 19:20:00+00:00,64406.8,64406.9,64404.8,64404.9,0.5999
2026-07-25 19:21:00+00:00,64404.9,64425.9,64397.1,64420.4,6.535271
2026-07-25 19:22:00+00:00,64420.4,64420.4,64418.4,64418.4,1.997007
2026-07-25 19:23:00+00:00,64418.4,64419.9,64416.2,64419.8,0.35396
2026-07-25 19:24:00+00:00,64419.8,64419.9,64419.8,64419.8,1.640745
2026-07-25 19:25:00+00:00,64419.8,64424.9,64409.8,64424.9,3.701829
2026-07-25 19:26:00+00:00,64424.9,64424.9,64424.8,64424.8,0.065978
2026-07-25 19:27:00+00:00,64424.8,64426.4,64424.8,64426.1,0.665139
2026-07-25 19:28:00+00:00,64426.1,64426.2,64418.1,64418.1,1.31615
2026-07-25 19:29:00+00:00,64418.1,64418.2,64408.9,64409.0,0.621649
2026-07-25 19:30:00+00:00,64409.0,64409.0,64403.3,64403.3,1.060784
2026-07-25 19:31:00+00:00,64403.3,64403.4,64399.2,64399.2,0.824911
2026-07-25 19:32:00+00:00,64399.2,64409.0,64396.3,64408.9,3.971525
2026-07-25 19:33:00+00:00,64408.9,64415.4,64408.9,64413.4,1.744934
2026-07-25 19:34:00+00:00,64413.4,64413.4,64411.3,64411.4,2.759091
2026-07-25 19:35:00+00:00,64411.4,64411.4,64406.4,64406.4,0.347619
2026-07-25 19:36:00+00:00,64406.4,64406.4,64394.5,64394.6,1.057249
2026-07-25 19:37:00+00:00,64394.6,64406.4,64394.5,64406.3,0.896312
2026-07-25 19:38:00+00:00,64406.3,64406.4,64394.9,64395.0,0.978059
2026-07-25 19:39:00+00:00,64395.0,64395.0,64393.6,64393.6,0.388809
2026-07-25 19:40:00+00:00,64393.6,64393.7,64393.6,64393.7,0.026446
2026-07-25 19:41:00+00:00,64393.7,64398.5,64393.6,64398.5,1.587471
2026-07-25 19:42:00+00:00,64398.5,64398.6,64397.2,64397.2,0.632975
2026-07-25 19:43:00+00:00,64397.2,64397.2,64390.7,64393.5,2.203834
2026-07-25 19:44:00+00:00,64393.5,64396.8,64393.5,64396.8,0.642682
2026-07-25 19:45:00+00:00,64396.8,64396.9,64387.3,64387.4,0.844152
2026-07-25 19:46:00+00:00,64387.4,64393.8,64378.4,64393.8,5.682221
2026-07-25 19:47:00+00:00,64393.8,64397.5,64389.1,64389.2,2.332072
2026-07-25 19:48:00+00:00,64389.2,64389.2,64389.1,64389.2,0.135649
2026-07-25 19:49:00+00:00,64389.2,64392.9,64389.1,64392.8,3.535937
2026-07-25 19:50:00+00:00,64392.8,64402.9,64392.8,64402.9,0.559454
2026-07-25 19:51:00+00:00,64402.9,64409.6,64402.9,64409.5,0.338537
2026-07-25 19:52:00+00:00,64409.5,64415.4,64409.5,64415.4,1.276561
2026-07-25 19:53:00+00:00,64415.4,64417.7,64415.3,64417.7,0.450519
2026-07-25 19:54:00+00:00,64417.7,64417.8,64417.7,64417.8,0.266868
2026-07-25 19:55:00+00:00,64417.8,64421.8,64417.7,64421.7,0.300443
2026-07-25 19:56:00+00:00,64421.7,64429.4,64421.7,64423.7,3.325995
2026-07-25 19:57:00+00:00,64423.7,64423.7,64389.3,64389.4,3.573737
2026-07-25 19:58:00+00:00,64389.4,64389.4,64388.2,64388.2,0.375971
2026-07-25 19:59:00+00:00,64388.2,64388.3,64388.2,64388.2,0.055711
2026-07-25 20:00:00+00:00,64388.2,64391.4,64388.2,64391.3,0.689023
2026-07-25 20:01:00+00:00,64391.3,64394.0,64368.1,64368.2,2.184482
2026-07-25 20:02:00+00:00,64368.2,64368.2,64361.4,64361.4,0.729354
2026-07-25 20:03:00+00:00,64361.4,64361.4,64350.0,64355.2,1.793611
2026-07-25 20:04:00+00:00,64355.2,64358.8,64355.2,64358.8,0.62882
2026-07-25 20:05:00+00:00,64358.8,64358.9,64358.8,64358.8,0.145877
2026-07-25 20:06:00+00:00,64358.8,64358.9,64358.8,64358.8,0.025652
2026-07-25 20:07:00+00:00,64358.8,64358.9,64354.2,64354.2,0.702339
2026-07-25 20:08:00+00:00,64354.2,64354.2,64339.0,64339.0,1.293056
2026-07-25 20:09:00+00:00,64339.0,64339.1,64339.0,64339.0,0.058515
2026-07-25 20:10:00+00:00,64339.0,64365.4,64339.0,64365.3,3.333783
2026-07-25 20:11:00+00:00,64365.3,64366.4,64365.3,64366.4,0.074136
2026-07-25 20:12:00+00:00,64366.4,64366.5,64366.4,64366.4,0.013173
2026-07-25 20:13:00+00:00,64366.4,64379.9,64366.4,64379.8,1.203599
2026-07-25 20:14:00+00:00,64379.8,64379.9,64368.4,64368.4,2.760375
2026-07-25 20:15:00+00:00,64368.4,64368.5,64368.4,64368.4,0.301253
2026-07-25 20:16:00+00:00,64368.4,64368.5,64351.3,64351.3,1.727919
2026-07-25 20:17:00+00:00,64351.3,64352.7,64351.3,64352.6,0.432691
2026-07-25 20:18:00+00:00,64352.6,64352.7,64350.8,64350.8,1.657438
2026-07-25 20:19:00+00:00,64350.8,64372.5,64337.4,64368.9,7.112462
2026-07-25 20:20:00+00:00,64368.9,64368.9,64360.5,64362.7,1.842901
2026-07-25 20:21:00+00:00,64362.7,64362.8,64362.7,64362.7,0.029888
2026-07-25 20:22:00+00:00,64362.7,64362.8,64362.7,64362.8,0.132922
2026-07-25 20:23:00+00:00,64362.8,64381.2,64362.7,64381.2,1.023855
2026-07-25 20:24:00+00:00,64381.2,64386.7,64363.5,64369.5,4.536895
2026-07-25 20:25:00+00:00,64369.5,64376.4,64369.4,64376.4,1.091217
2026-07-25 20:26:00+00:00,64376.4,64376.4,64363.5,64363.5,0.64863
2026-07-25 20:27:00+00:00,64363.5,64369.4,64363.5,64369.3,0.527217
2026-07-25 20:28:00+00:00,64369.3,64369.4,64369.3,64369.4,0.127788
2026-07-25 20:29:00+00:00,64369.4,64369.4,64369.3,64369.4,0.176608
2026-07-25 20:30:00+00:00,64369.4,64369.4,64342.5,64342.5,2.038692
2026-07-25 20:31:00+00:00,64342.5,64342.6,64336.5,64336.6,0.264361
2026-07-25 20:32:00+00:00,64336.6,64336.6,64336.5,64336.5,0.018411
2026-07-25 20:33:00+00:00,64336.5,64348.9,64336.5,64348.8,1.069136
2026-07-25 20:34:00+00:00,64348.8,64348.9,64336.5,64336.5,0.634345
2026-07-25 20:35:00+00:00,64336.5,64336.5,64334.6,64334.6,1.430954
2026-07-25 20:36:00+00:00,64334.6,64334.7,64328.2,64328.3,1.676867
2026-07-25 20:37:00+00:00,64328.3,64328.3,64326.4,64326.5,0.339946
2026-07-25 20:38:00+00:00,64326.5,64326.5,64315.6,64319.4,1.344464
2026-07-25 20:39:00+00:00,64319.4,64325.3,64319.4,64325.2,0.442385
2026-07-25 20:40:00+00:00,64325.2,64332.9,64325.2,64332.9,0.713841
2026-07-25 20:41:00+00:00,64332.9,64333.0,64332.9,64332.9,0.047253
2026-07-25 20:42:00+00:00,64332.9,64333.0,64317.0,64323.6,2.091149
2026-07-25 20:43:00+00:00,64323.6,64323.6,64317.0,64317.0,0.596921
2026-07-25 20:44:00+00:00,64317.0,64317.1,64317.0,64317.0,0.085913
2026-07-25 20:45:00+00:00,64317.0,64317.1,64306.9,64307.0,1.135815
2026-07-25 20:46:00+00:00,64307.0,64313.4,64306.9,64313.3,2.843031
2026-07-25 20:47:00+00:00,64313.3,64313.4,64313.3,64313.4,0.059148
2026-07-25 20:48:00+00:00,64313.4,64325.2,64313.3,64325.2,1.780295
2026-07-25 20:49:00+00:00,64325.2,64329.0,64325.1,64328.9,0.421974
2026-07-25 20:50:00+00:00,64328.9,64335.6,64328.9,64335.5,0.792486
2026-07-25 20:51:00+00:00,64335.5,64342.4,64335.5,64342.4,0.678831
2026-07-25 20:52:00+00:00,64342.4,64348.6,64342.3,64348.5,0.874198
2026-07-25 20:53:00+00:00,64348.5,64348.6,64340.1,64340.1,1.658133
2026-07-25 20:54:00+00:00,64340.1,64340.1,64332.9,64332.9,0.514739
2026-07-25 20:55:00+00:00,64332.9,64333.0,64332.9,64333.0,0.178811
2026-07-25 20:56:00+00:00,64333.0,64333.0,64332.9,64333.0,0.057846
2026-07-25 20:57:00+00:00,64333.0,64333.0,64332.9,64333.0,0.098401
2026-07-25 20:58:00+00:00,64333.0,64333.0,64323.0,64329.2,1.597154
2026-07-25 20:59:00+00:00,64329.2,64329.3,64329.2,64329.3,0.329118
2026-07-25 21:00:00+00:00,64329.3,64331.2,64320.8,64320.8,2.068385
2026-07-25 21:01:00+00:00,64320.8,64320.9,64320.8,64320.8,0.032238
2026-07-25 21:02:00+00:00,64320.8,64320.9,64316.6,64317.5,0.306412
2026-07-25 21:03:00+00:00,64317.5,64317.5,64310.4,64310.4,1.813525
2026-07-25 21:04:00+00:00,64310.4,64310.5,64307.1,64307.2,0.892498
2026-07-25 21:05:00+00:00,64307.2,64329.4,64303.2,64329.4,3.314532
2026-07-25 21:06:00+00:00,64329.4,64329.4,64315.1,64315.1,1.177894
2026-07-25 21:07:00+00:00,64315.1,64315.1,64309.4,64309.5,0.235414
2026-07-25 21:08:00+00:00,64309.5,64309.5,64309.4,64309.5,0.315037
2026-07-25 21:09:00+00:00,64309.5,64309.5,64309.4,64309.5,0.013997
2026-07-25 21:10:00+00:00,64309.5,64309.5,64309.4,64309.4,0.012827
2026-07-25 21:11:00+00:00,64309.4,64309.5,64294.3,64294.3,5.349523
2026-07-25 21:12:00+00:00,64294.3,64294.4,64281.4,64281.5,1.046117
2026-07-25 21:13:00+00:00,64281.5,64281.5,64261.4,64273.0,6.783382
2026-07-25 21:14:00+00:00,64273.0,64273.8,64273.0,64273.8,0.9058
2026-07-25 21:15:00+00:00,64273.8,64273.9,64273.8,64273.8,0.080712
2026-07-25 21:16:00+00:00,64273.8,64273.9,64273.8,64273.8,0.343992
2026-07-25 21:17:00+00:00,64273.8,64273.9,64273.8,64273.9,0.057065
2026-07-25 21:18:00+00:00,64273.9,64273.9,64250.7,64269.5,2.258235
2026-07-25 21:19:00+00:00,64269.5,64272.6,64269.4,64269.5,1.250857
2026-07-25 21:20:00+00:00,64269.5,64269.5,64268.1,64268.1,0.124113
2026-07-25 21:21:00+00:00,64268.1,64268.2,64268.1,64268.1,0.167407
2026-07-25 21:22:00+00:00,64268.1,64268.2,64268.1,64268.1,0.423603
2026-07-25 21:23:00+00:00,64268.1,64268.2,64261.4,64261.4,0.612754
2026-07-25 21:24:00+00:00,64261.4,64282.2,64259.6,64282.1,1.999062
2026-07-25 21:25:00+00:00,64282.1,64293.4,64279.4,64279.4,6.34466
2026-07-25 21:26:00+00:00,64279.4,64279.5,64279.4,64279.5,0.923781
2026-07-25 21:27:00+00:00,64279.5,64279.5,64274.4,64278.5,1.062704
2026-07-25 21:28:00+00:00,64278.5,64288.4,64278.4,64288.1,1.03973
2026-07-25 21:29:00+00:00,64288.1,64293.4,64288.1,64293.4,0.200723
2026-07-25 21:30:00+00:00,64293.4,64303.3,64292.4,64302.9,2.463117
2026-07-25 21:31:00+00:00,64302.9,64309.9,64302.9,64309.9,0.752137
2026-07-25 21:32:00+00:00,64309.9,64310.0,64307.4,64307.4,0.663729
2026-07-25 21:33:00+00:00,64307.4,64340.4,64307.4,64336.4,7.13932
2026-07-25 21:34:00+00:00,64336.4,64355.4,64334.2,64355.3,3.164006
2026-07-25 21:35:00+00:00,64355.3,64365.0,64355.3,64365.0,0.633875
2026-07-25 21:36:00+00:00,64365.0,64365.0,64363.7,64363.8,1.696558
2026-07-25 21:37:00+00:00,64363.8,64364.6,64363.3,64364.6,1.395348
2026-07-25 21:38:00+00:00,64364.6,64364.6,64345.6,64347.4,6.354269
2026-07-25 21:39:00+00:00,64347.4,64347.4,64342.9,64343.0,0.347044
2026-07-25 21:40:00+00:00,64343.0,64349.4,64342.9,64349.3,0.807442
2026-07-25 21:41:00+00:00,64349.3,64355.3,64349.3,64355.2,0.957081
2026-07-25 21:42:00+00:00,64355.2,64355.3,64348.5,64348.5,2.515765
2026-07-25 21:43:00+00:00,64348.5,64362.8,64342.7,64355.7,2.765133
2026-07-25 21:44:00+00:00,64355.7,64356.5,64325.5,64334.3,4.851084
2026-07-25 21:45:00+00:00,64334.3,64335.8,64329.3,64335.7,0.610594
2026-07-25 21:46:00+00:00,64335.7,64406.7,64329.2,64406.7,6.023848
2026-07-25 21:47:00+00:00,64406.7,64422.8,64392.4,64416.3,7.084069
2026-07-25 21:48:00+00:00,64416.3,64419.7,64405.5,64405.8,1.675054
2026-07-25 21:49:00+00:00,64405.8,64405.9,64392.7,64398.4,1.130751
2026-07-25 21:50:00+00:00,64398.4,64404.8,64385.9,64386.0,4.553597
2026-07-25 21:51:00+00:00,64386.0,64386.0,64350.2,64352.3,7.088632
2026-07-25 21:52:00+00:00,64352.3,64360.0,64352.2,64360.0,2.522809
2026-07-25 21:53:00+00:00,64360.0,64374.1,64357.2,64357.2,1.591632
2026-07-25 21:54:00+00:00,64357.2,64357.3,64347.2,64347.2,1.039451
2026-07-25 21:55:00+00:00,64347.2,64359.6,64341.6,64359.5,2.803181
2026-07-25 21:56:00+00:00,64359.5,64359.6,64346.6,64346.7,1.161518
2026-07-25 21:57:00+00:00,64346.7,64346.7,64345.3,64345.3,0.406397
2026-07-25 21:58:00+00:00,64345.3,64345.3,64343.5,64343.5,0.370032
2026-07-25 21:59:00+00:00,64343.5,64343.5,64337.4,64342.5,1.306631
2026-07-25 22:00:00+00:00,64342.5,64357.4,64342.5,64357.4,0.947178
2026-07-25 22:01:00+00:00,64357.4,64380.0,64357.3,64380.0,2.708757
2026-07-25 22:02:00+00:00,64380.0,64380.2,64361.3,64380.2,4.145846
2026-07-25 22:03:00+00:00,64380.2,64380.2,64368.8,64369.0,2.246847
2026-07-25 22:04:00+00:00,64369.0,64379.4,64368.9,64379.3,1.354029
2026-07-25 22:05:00+00:00,64379.3,64381.3,64370.2,64381.3,1.61231
2026-07-25 22:06:00+00:00,64381.3,64388.8,64381.3,64388.8,0.392673
2026-07-25 22:07:00+00:00,64388.8,64392.4,64384.6,64384.6,1.450461
2026-07-25 22:08:00+00:00,64384.6,64385.7,64384.6,64385.7,0.454994
2026-07-25 22:09:00+00:00,64385.7,64390.7,64385.7,64390.7,0.355381
2026-07-25 22:10:00+00:00,64390.7,64396.4,64390.7,64396.4,0.463744
2026-07-25 22:11:00+00:00,64396.4,64400.3,64390.1,64390.1,1.636484
2026-07-25 22:12:00+00:00,64390.1,64390.2,64374.0,64374.0,1.440317
2026-07-25 22:13:00+00:00,64374.0,64374.0,64364.5,64364.5,0.553604
2026-07-25 22:14:00+00:00,64364.5,64401.8,64364.5,64397.6,11.696458
2026-07-25 22:15:00+00:00,64397.6,64401.0,64397.6,64401.0,0.350628
2026-07-25 22:16:00+00:00,64401.0,64401.0,64391.8,64391.8,1.836343
2026-07-25 22:17:00+00:00,64391.8,64391.9,64391.8,64391.8,0.04283
2026-07-25 22:18:00+00:00,64391.8,64414.7,64391.8,64414.7,2.857613
2026-07-25 22:19:00+00:00,64414.7,64417.7,64395.3,64395.3,2.944342
2026-07-25 22:20:00+00:00,64395.3,64397.0,64393.1,64393.2,0.444679
2026-07-25 22:21:00+00:00,64393.2,64393.2,64391.1,64391.2,0.31742
2026-07-25 22:22:00+00:00,64391.2,64391.2,64391.1,64391.2,0.271004
2026-07-25 22:23:00+00:00,64391.2,64391.2,64386.0,64386.0,0.822474
2026-07-25 22:24:00+00:00,64386.0,64386.1,64386.0,64386.0,0.149887
2026-07-25 22:25:00+00:00,64386.0,64391.2,64386.0,64391.1,0.471625
2026-07-25 22:26:00+00:00,64391.1,64391.2,64391.1,64391.2,0.31685
2026-07-25 22:27:00+00:00,64391.2,64391.2,64375.0,64377.5,4.112446
2026-07-25 22:28:00+00:00,64377.5,64377.6,64375.8,64375.9,0.134106
2026-07-25 22:29:00+00:00,64375.9,64387.2,64375.8,64387.2,2.054104
2026-07-25 22:30:00+00:00,64387.2,64387.8,64373.1,64373.1,1.376969
2026-07-25 22:31:00+00:00,64373.1,64374.4,64353.6,64374.4,3.677896
2026-07-25 22:32:00+00:00,64374.4,64374.8,64357.3,64357.4,1.134148
2026-07-25 22:33:00+00:00,64357.4,64357.4,64354.2,64354.2,0.275334
2026-07-25 22:34:00+00:00,64354.2,64354.3,64354.2,64354.3,0.112024
2026-07-25 22:35:00+00:00,64354.3,64360.6,64354.2,64360.5,1.411192
2026-07-25 22:36:00+00:00,64360.5,64362.6,64360.5,64362.6,0.421954
2026-07-25 22:37:00+00:00,64362.6,64383.9,64362.6,64383.8,1.324912
2026-07-25 22:38:00+00:00,64383.8,64401.6,64383.8,64395.8,2.782021
2026-07-25 22:39:00+00:00,64395.8,64395.9,64395.8,64395.8,0.085583
2026-07-25 22:40:00+00:00,64395.8,64395.9,64382.9,64382.9,1.070566
2026-07-25 22:41:00+00:00,64382.9,64383.0,64375.7,64375.7,0.360083
2026-07-25 22:42:00+00:00,64375.7,64375.8,64375.7,64375.8,0.08796
2026-07-25 22:43:00+00:00,64375.8,64375.8,64375.7,64375.7,0.332603
2026-07-25 22:44:00+00:00,64375.7,64402.3,64375.7,64399.8,7.272107
2026-07-25 22:45:00+00:00,64399.8,64399.8,64370.3,64371.4,4.515058
2026-07-25 22:46:00+00:00,64371.4,64379.6,64371.4,64379.5,0.600831
2026-07-25 22:47:00+00:00,64379.5,64379.6,64379.5,64379.6,0.009247
2026-07-25 22:48:00+00:00,64379.6,64379.6,64379.5,64379.5,0.082338
2026-07-25 22:49:00+00:00,64379.5,64408.8,64379.5,64408.7,3.811092
2026-07-25 22:50:00+00:00,64408.7,64422.8,64408.7,64422.7,0.906641
2026-07-25 22:51:00+00:00,64422.7,64422.7,64408.6,64414.6,3.461782
2026-07-25 22:52:00+00:00,64414.6,64414.6,64414.5,64414.6,0.108717
2026-07-25 22:53:00+00:00,64414.6,64414.6,64414.5,64414.5,0.046503
2026-07-25 22:54:00+00:00,64414.5,64414.6,64405.6,64405.6,1.73199
2026-07-25 22:55:00+00:00,64405.6,64413.5,64405.6,64409.0,1.440448
2026-07-25 22:56:00+00:00,64409.0,64409.1,64409.0,64409.0,0.036608
2026-07-25 22:57:00+00:00,64409.0,64409.1,64404.8,64404.8,0.51405
2026-07-25 22:58:00+00:00,64404.8,64404.9,64404.8,64404.9,0.003295
2026-07-25 22:59:00+00:00,64404.9,64404.9,64404.8,64404.9,0.057298
2026-07-25 23:00:00+00:00,64404.9,64404.9,64404.8,64404.8,0.32133
2026-07-25 23:01:00+00:00,64404.8,64412.6,64404.8,64412.5,1.5356
2026-07-25 23:02:00+00:00,64412.5,64412.6,64395.7,64401.0,7.100556
2026-07-25 23:03:00+00:00,64401.0,64401.0,64400.9,64400.9,0.079465
2026-07-25 23:04:00+00:00,64400.9,64417.9,64400.9,64401.2,7.383949
2026-07-25 23:05:00+00:00,64401.2,64418.2,64401.2,64417.6,2.502135
2026-07-25 23:06:00+00:00,64417.6,64419.0,64411.5,64411.7,3.011956
2026-07-25 23:07:00+00:00,64411.7,64411.8,64411.7,64411.7,0.552578
2026-07-25 23:08:00+00:00,64411.7,64411.8,64403.2,64403.2,1.18253
2026-07-25 23:09:00+00:00,64403.2,64404.6,64403.2,64404.6,0.604917
2026-07-25 23:10:00+00:00,64404.6,64407.7,64404.6,64405.2,0.864133
2026-07-25 23:11:00+00:00,64405.2,64408.9,64405.1,64408.9,0.634288
2026-07-25 23:12:00+00:00,64408.9,64413.1,64408.8,64413.1,0.739764
2026-07-25 23:13:00+00:00,64413.1,64418.7,64413.0,64418.6,0.549147
2026-07-25 23:14:00+00:00,64418.6,64418.7,64406.1,64406.2,0.884481
2026-07-25 23:15:00+00:00,64406.2,64410.1,64406.1,64410.0,0.796972
2026-07-25 23:16:00+00:00,64410.0,64410.1,64410.0,64410.1,0.049263
2026-07-25 23:17:00+00:00,64410.1,64410.1,64406.1,64406.2,0.519748
2026-07-25 23:18:00+00:00,64406.2,64406.2,64383.9,64388.2,3.861477
2026-07-25 23:19:00+00:00,64388.2,64391.9,64388.2,64391.9,0.383022
2026-07-25 23:20:00+00:00,64391.9,64391.9,64391.8,64391.8,0.020587
2026-07-25 23:21:00+00:00,64391.8,64391.9,64391.8,64391.9,0.016368
2026-07-25 23:22:00+00:00,64391.9,64393.1,64391.8,64393.1,0.350899
2026-07-25 23:23:00+00:00,64393.1,64393.1,64387.0,64387.0,0.733836
2026-07-25 23:24:00+00:00,64387.0,64400.2,64385.7,64400.2,3.066199
2026-07-25 23:25:00+00:00,64400.2,64400.2,64397.1,64397.2,0.150025
2026-07-25 23:26:00+00:00,64397.2,64397.2,64397.1,64397.1,0.272986
2026-07-25 23:27:00+00:00,64397.1,64397.2,64397.1,64397.2,0.007315
2026-07-25 23:28:00+00:00,64397.2,64397.2,64397.1,64397.1,0.075546
2026-07-25 23:29:00+00:00,64397.1,64399.4,64397.1,64399.4,0.298389
2026-07-25 23:30:00+00:00,64399.4,64399.4,64399.3,64399.4,0.033726
2026-07-25 23:31:00+00:00,64399.4,64399.4,64399.3,64399.3,0.283643
2026-07-25 23:32:00+00:00,64399.3,64399.4,64399.3,64399.4,0.042685
2026-07-25 23:33:00+00:00,64399.4,64400.5,64399.3,64400.2,0.499144
2026-07-25 23:34:00+00:00,64400.2,64400.2,64400.1,64400.2,0.004784
2026-07-25 23:35:00+00:00,64400.2,64415.9,64400.1,64415.9,1.741456
2026-07-25 23:36:00+00:00,64415.9,64419.6,64415.9,64419.5,0.352717
2026-07-25 23:37:00+00:00,64419.5,64419.6,64419.5,64419.5,0.061867
2026-07-25 23:38:00+00:00,64419.5,64419.6,64419.5,64419.5,0.272831
2026-07-25 23:39:00+00:00,64419.5,64419.6,64387.5,64393.1,12.587478
2026-07-25 23:40:00+00:00,64393.1,64395.8,64385.9,64385.9,1.642896
2026-07-25 23:41:00+00:00,64385.9,64387.2,64385.9,64387.2,1.181139
2026-07-25 23:42:00+00:00,64387.2,64387.2,64386.4,64386.4,0.260904
2026-07-25 23:43:00+00:00,64386.4,64386.4,64385.9,64386.0,0.301507
2026-07-25 23:44:00+00:00,64386.0,64386.0,64382.9,64382.9,0.777491
2026-07-25 23:45:00+00:00,64382.9,64384.3,64382.9,64384.2,0.267837
2026-07-25 23:46:00+00:00,64384.2,64384.3,64384.2,64384.3,0.004317
2026-07-25 23:47:00+00:00,64384.3,64384.3,64384.2,64384.3,0.022658
2026-07-25 23:48:00+00:00,64384.3,64395.9,64384.3,64395.9,1.32461
2026-07-25 23:49:00+00:00,64395.9,64395.9,64357.1,64387.1,15.069611
2026-07-25 23:50:00+00:00,64387.1,64387.2,64387.1,64387.1,0.018563
2026-07-25 23:51:00+00:00,64387.1,64387.2,64387.1,64387.2,0.116877
2026-07-25 23:52:00+00:00,64387.2,64390.0,64387.1,64387.2,2.721157
2026-07-25 23:53:00+00:00,64387.2,64387.2,64361.2,64361.2,1.810325
2026-07-25 23:54:00+00:00,64361.2,64361.3,64361.2,64361.3,0.040023
2026-07-25 23:55:00+00:00,64361.3,64361.3,64361.2,64361.3,0.030612
2026-07-25 23:56:00+00:00,64361.3,64361.3,64361.2,64361.3,0.106866
2026-07-25 23:57:00+00:00,64361.3,64370.1,64361.2,64370.1,1.53067
2026-07-25 23:58:00+00:00,64370.1,64371.7,64370.1,64371.6,0.220643
2026-07-25 23:59:00+00:00,64371.6,64371.7,64363.4,64363.4,2.720303
2026-07-26 00:00:00+00:00,64363.4,64363.5,64358.9,64359.0,0.697902
2026-07-26 00:01:00+00:00,64359.0,64359.0,64352.7,64352.8,0.97639
2026-07-26 00:02:00+00:00,64352.8,64371.1,64345.3,64371.1,7.97176
2026-07-26 00:03:00+00:00,64371.1,64372.0,64371.1,64372.0,0.333982
2026-07-26 00:04:00+00:00,64372.0,64379.4,64371.9,64379.4,0.910297
2026-07-26 00:05:00+00:00,64379.4,64387.9,64379.4,64387.9,1.003922
2026-07-26 00:06:00+00:00,64387.9,64411.7,64387.8,64411.7,1.876193
2026-07-26 00:07:00+00:00,64411.7,64439.3,64411.7,64427.3,7.451237
2026-07-26 00:08:00+00:00,64427.3,64427.4,64425.3,64425.3,0.419242
2026-07-26 00:09:00+00:00,64425.3,64425.3,64416.0,64416.0,2.388084
2026-07-26 00:10:00+00:00,64416.0,64416.0,64391.6,64398.5,6.205401
2026-07-26 00:11:00+00:00,64398.5,64421.6,64398.5,64421.6,3.259519
2026-07-26 00:12:00+00:00,64421.6,64425.7,64421.6,64425.7,0.194886
2026-07-26 00:13:00+00:00,64425.7,64432.6,64425.7,64429.6,3.494121
2026-07-26 00:14:00+00:00,64429.6,64429.6,64424.5,64426.7,1.444474
2026-07-26 00:15:00+00:00,64426.7,64426.8,64424.0,64424.0,0.529016
2026-07-26 00:16:00+00:00,64424.0,64430.7,64423.9,64430.6,0.87253
2026-07-26 00:17:00+00:00,64430.6,64430.7,64422.8,64422.8,0.840156
2026-07-26 00:18:00+00:00,64422.8,64425.0,64422.8,64425.0,1.196149
2026-07-26 00:19:00+00:00,64425.0,64430.7,64420.4,64420.4,2.378083
2026-07-26 00:20:00+00:00,64420.4,64426.2,64419.7,64426.2,3.299263
2026-07-26 00:21:00+00:00,64426.2,64431.9,64426.1,64431.9,1.384046
2026-07-26 00:22:00+00:00,64431.9,64445.9,64431.9,64442.1,2.208303
2026-07-26 00:23:00+00:00,64442.1,64443.5,64438.4,64438.4,1.498627
2026-07-26 00:24:00+00:00,64438.4,64457.0,64437.0,64457.0,3.451018
2026-07-26 00:25:00+00:00,64457.0,64461.9,64454.1,64454.1,3.710502
2026-07-26 00:26:00+00:00,64454.1,64461.2,64454.1,64461.2,1.319484
2026-07-26 00:27:00+00:00,64461.2,64483.9,64461.2,64483.9,3.084286
2026-07-26 00:28:00+00:00,64483.9,64483.9,64471.3,64471.3,2.591616
2026-07-26 00:29:00+00:00,64471.3,64473.4,64467.8,64467.9,2.983162
2026-07-26 00:30:00+00:00,64467.9,64467.9,64448.4,64453.2,4.23182
2026-07-26 00:31:00+00:00,64453.2,64460.0,64453.2,64460.0,1.028536
2026-07-26 00:32:00+00:00,64460.0,64480.7,64460.0,64476.8,4.135116
2026-07-26 00:33:00+00:00,64476.8,64476.8,64463.5,64463.6,1.992888
2026-07-26 00:34:00+00:00,64463.6,64463.6,64453.0,64453.0,1.181874
2026-07-26 00:35:00+00:00,64453.0,64453.0,64442.0,64445.9,2.993613
2026-07-26 00:36:00+00:00,64445.9,64448.6,64441.2,64445.3,3.96733
2026-07-26 00:37:00+00:00,64445.3,64445.4,64445.3,64445.3,0.042582
2026-07-26 00:38:00+00:00,64445.3,64449.9,64445.3,64449.8,0.554223
2026-07-26 00:39:00+00:00,64449.8,64449.8,64407.9,64411.7,7.426837
2026-07-26 00:40:00+00:00,64411.7,64411.7,64411.6,64411.7,0.027719
2026-07-26 00:41:00+00:00,64411.7,64411.7,64408.8,64408.8,3.286351
2026-07-26 00:42:00+00:00,64408.8,64414.5,64408.8,64414.5,1.590534
2026-07-26 00:43:00+00:00,64414.5,64415.7,64414.5,64415.6,0.72004
2026-07-26 00:44:00+00:00,64415.6,64415.7,64415.6,64415.6,0.560834
2026-07-26 00:45:00+00:00,64415.6,64415.7,64400.3,64405.1,4.071011
2026-07-26 00:46:00+00:00,64405.1,64419.6,64405.1,64419.5,2.602471
2026-07-26 00:47:00+00:00,64419.5,64422.1,64419.5,64422.1,0.439048
2026-07-26 00:48:00+00:00,64422.1,64425.8,64422.0,64425.8,1.691461
2026-07-26 00:49:00+00:00,64425.8,64428.1,64421.6,64421.6,1.488538
2026-07-26 00:50:00+00:00,64421.6,64428.0,64420.7,64428.0,0.973509
2026-07-26 00:51:00+00:00,64428.0,64441.6,64428.0,64441.6,1.595872
2026-07-26 00:52:00+00:00,64441.6,64442.2,64441.6,64442.1,0.004949
2026-07-26 00:53:00+00:00,64442.1,64476.0,64442.1,64475.9,2.482823
2026-07-26 00:54:00+00:00,64475.9,64476.0,64473.6,64473.7,3.193481
2026-07-26 00:55:00+00:00,64473.7,64473.7,64463.8,64467.8,3.711294
2026-07-26 00:56:00+00:00,64467.8,64474.6,64467.8,64474.6,0.968772
2026-07-26 00:57:00+00:00,64474.6,64493.7,64474.6,64484.5,3.587241
2026-07-26 00:58:00+00:00,64484.5,64494.2,64484.5,64494.2,3.535723
2026-07-26 00:59:00+00:00,64494.2,64506.6,64494.1,64506.6,6.584257
2026-07-26 01:00:00+00:00,64506.6,64537.6,64506.6,64529.2,11.54876
2026-07-26 01:01:00+00:00,64529.2,64529.3,64505.7,64505.7,4.397381
2026-07-26 01:02:00+00:00,64505.7,64505.7,64493.2,64494.5,3.056171
2026-07-26 01:03:00+00:00,64494.5,64494.5,64464.3,64473.4,6.935785
2026-07-26 01:04:00+00:00,64473.4,64474.7,64473.4,64474.7,0.681122
2026-07-26 01:05:00+00:00,64474.7,64487.8,64474.7,64486.5,1.858459
2026-07-26 01:06:00+00:00,64486.5,64494.3,64485.3,64485.3,3.037359
2026-07-26 01:07:00+00:00,64485.3,64485.4,64479.6,64479.6,1.649169
2026-07-26 01:08:00+00:00,64479.6,64479.7,64475.1,64475.1,1.353989
2026-07-26 01:09:00+00:00,64475.1,64477.5,64475.1,64477.5,1.058379
2026-07-26 01:10:00+00:00,64477.5,64479.0,64462.2,64470.1,4.401766
2026-07-26 01:11:00+00:00,64470.1,64497.0,64470.1,64497.0,4.717259
2026-07-26 01:12:00+00:00,64497.0,64498.1,64492.6,64492.7,1.885919
2026-07-26 01:13:00+00:00,64492.7,64492.7,64492.6,64492.6,0.775606
2026-07-26 01:14:00+00:00,64492.6,64498.2,64492.6,64498.2,3.167102
2026-07-26 01:15:00+00:00,64498.2,64502.8,64489.4,64489.4,3.952322
2026-07-26 01:16:00+00:00,64489.4,64489.5,64488.5,64488.5,0.697974
2026-07-26 01:17:00+00:00,64488.5,64488.6,64482.9,64483.0,1.288591
2026-07-26 01:18:00+00:00,64483.0,64483.0,64482.9,64483.0,0.01518
2026-07-26 01:19:00+00:00,64483.0,64492.8,64482.9,64492.7,4.498167
2026-07-26 01:20:00+00:00,64492.7,64492.8,64473.1,64474.5,2.89377
2026-07-26 01:21:00+00:00,64474.5,64474.5,64474.4,64474.5,0.009879
2026-07-26 01:22:00+00:00,64474.5,64483.6,64474.5,64482.2,2.711681
2026-07-26 01:23:00+00:00,64482.2,64482.3,64476.3,64476.3,0.564089
2026-07-26 01:24:00+00:00,64476.3,64476.4,64476.3,64476.3,0.133342
2026-07-26 01:25:00+00:00,64476.3,64476.3,64472.6,64472.6,0.658236
2026-07-26 01:26:00+00:00,64472.6,64472.7,64469.8,64469.8,0.533117
2026-07-26 01:27:00+00:00,64469.8,64469.8,64464.4,64464.4,1.601771
2026-07-26 01:28:00+00:00,64464.4,64473.3,64464.4,64473.3,3.094118
2026-07-26 01:29:00+00:00,64473.3,64473.3,64473.2,64473.2,0.267854
2026-07-26 01:30:00+00:00,64473.2,64489.5,64473.2,64487.9,4.632709
2026-07-26 01:31:00+00:00,64487.9,64499.4,64475.7,64483.7,10.333605
2026-07-26 01:32:00+00:00,64483.7,64483.9,64483.7,64483.9,0.089092
2026-07-26 01:33:00+00:00,64483.9,64483.9,64477.2,64480.8,2.54401
2026-07-26 01:34:00+00:00,64480.8,64490.0,64480.8,64490.0,1.989385
2026-07-26 01:35:00+00:00,64490.0,64496.8,64489.9,64496.8,1.266408
2026-07-26 01:36:00+00:00,64496.8,64496.9,64496.8,64496.8,0.038591
2026-07-26 01:37:00+00:00,64496.8,64496.9,64495.2,64495.2,1.705745
2026-07-26 01:38:00+00:00,64495.2,64495.2,64479.3,64479.3,2.959839
2026-07-26 01:39:00+00:00,64479.3,64485.7,64479.3,64485.7,2.733169
2026-07-26 01:40:00+00:00,64485.7,64485.7,64485.6,64485.7,0.145094
2026-07-26 01:41:00+00:00,64485.7,64485.7,64461.9,64461.9,3.617326
2026-07-26 01:42:00+00:00,64461.9,64462.0,64461.9,64461.9,0.097957
2026-07-26 01:43:00+00:00,64461.9,64462.0,64461.9,64462.0,1.084596
2026-07-26 01:44:00+00:00,64462.0,64477.4,64461.9,64477.3,3.035984
2026-07-26 01:45:00+00:00,64477.3,64477.4,64467.8,64467.8,1.809771
2026-07-26 01:46:00+00:00,64467.8,64467.9,64449.2,64462.1,6.753724
2026-07-26 01:47:00+00:00,64462.1,64467.0,64461.2,64464.7,1.370115
2026-07-26 01:48:00+00:00,64464.7,64467.1,64464.7,64464.7,1.175761
2026-07-26 01:49:00+00:00,64464.7,64477.3,64454.2,64472.1,13.127122
2026-07-26 01:50:00+00:00,64472.1,64472.1,64464.9,64467.3,1.76275
2026-07-26 01:51:00+00:00,64467.3,64467.3,64467.2,64467.3,0.005725
2026-07-26 01:52:00+00:00,64467.3,64485.3,64462.0,64467.4,7.79982
2026-07-26 01:53:00+00:00,64467.4,64467.5,64467.4,64467.4,0.057753
2026-07-26 01:54:00+00:00,64467.4,64482.5,64467.4,64476.7,2.759033
2026-07-26 01:55:00+00:00,64476.7,64481.7,64476.7,64478.0,1.707319
2026-07-26 01:56:00+00:00,64478.0,64478.1,64471.2,64471.3,1.61132
2026-07-26 01:57:00+00:00,64471.3,64471.3,64452.3,64453.9,2.901448
2026-07-26 01:58:00+00:00,64453.9,64454.0,64450.0,64450.1,0.558462
2026-07-26 01:59:00+00:00,64450.1,64457.5,64450.0,64457.5,4.472123
2026-07-26 02:00:00+00:00,64457.5,64459.8,64457.5,64459.8,0.562168
2026-07-26 02:01:00+00:00,64459.8,64463.0,64457.7,64462.9,1.971733
2026-07-26 02:02:00+00:00,64462.9,64463.0,64460.7,64460.7,0.393963
2026-07-26 02:03:00+00:00,64460.7,64460.8,64445.2,64449.2,4.376292
2026-07-26 02:04:00+00:00,64449.2,64453.2,64449.2,64453.1,1.319012
2026-07-26 02:05:00+00:00,64453.1,64453.1,64424.2,64435.6,4.808141
2026-07-26 02:06:00+00:00,64435.6,64435.6,64435.5,64435.5,0.128146
2026-07-26 02:07:00+00:00,64435.5,64435.6,64432.9,64432.9,0.376727
2026-07-26 02:08:00+00:00,64432.9,64433.0,64428.7,64428.7,0.402247
2026-07-26 02:09:00+00:00,64428.7,64436.0,64428.0,64436.0,3.398375
2026-07-26 02:10:00+00:00,64436.0,64450.6,64436.0,64450.6,2.927155
2026-07-26 02:11:00+00:00,64450.6,64450.6,64450.5,64450.5,0.014634
2026-07-26 02:12:00+00:00,64450.5,64455.8,64450.5,64455.8,1.910456
2026-07-26 02:13:00+00:00,64455.8,64468.8,64455.8,64468.8,1.71489
2026-07-26 02:14:00+00:00,64468.8,64472.6,64468.8,64472.6,1.343524
2026-07-26 02:15:00+00:00,64472.6,64472.6,64472.5,64472.5,0.116697
2026-07-26 02:16:00+00:00,64472.5,64472.6,64472.5,64472.5,1.029769
2026-07-26 02:17:00+00:00,64472.5,64472.6,64472.5,64472.6,0.026602
2026-07-26 02:18:00+00:00,64472.6,64472.6,64472.5,64472.5,1.208712
2026-07-26 02:19:00+00:00,64472.5,64472.6,64463.3,64463.4,2.519375
2026-07-26 02:20:00+00:00,64463.4,64463.4,64448.8,64448.8,3.888118
2026-07-26 02:21:00+00:00,64448.8,64460.8,64447.8,64460.8,3.686353
2026-07-26 02:22:00+00:00,64460.8,64472.7,64460.7,64472.6,1.900452
2026-07-26 02:23:00+00:00,64472.6,64472.7,64451.7,64451.7,4.846072
2026-07-26 02:24:00+00:00,64451.7,64451.8,64441.9,64441.9,1.351388
2026-07-26 02:25:00+00:00,64441.9,64445.3,64441.9,64445.2,0.605554
2026-07-26 02:26:00+00:00,64445.2,64445.3,64441.9,64441.9,0.265851
2026-07-26 02:27:00+00:00,64441.9,64469.3,64441.9,64469.2,5.483252
2026-07-26 02:28:00+00:00,64469.2,64472.8,64466.5,64472.8,1.326345
2026-07-26 02:29:00+00:00,64472.8,64472.8,64472.7,64472.7,0.024422
2026-07-26 02:30:00+00:00,64472.7,64477.9,64472.7,64477.8,1.060243
2026-07-26 02:31:00+00:00,64477.8,64477.9,64455.4,64455.4,3.785067
2026-07-26 02:32:00+00:00,64455.4,64455.4,64440.0,64440.1,1.941831
2026-07-26 02:33:00+00:00,64440.1,64440.1,64427.5,64427.5,1.726819
2026-07-26 02:34:00+00:00,64427.5,64436.2,64426.5,64436.2,3.14017
2026-07-26 02:35:00+00:00,64436.2,64436.8,64427.4,64427.4,1.187957
2026-07-26 02:36:00+00:00,64427.4,64435.9,64426.4,64435.9,1.699283
2026-07-26 02:37:00+00:00,64435.9,64437.4,64435.9,64437.4,0.048369
2026-07-26 02:38:00+00:00,64437.4,64437.4,64437.3,64437.3,0.003617
2026-07-26 02:39:00+00:00,64437.3,64437.4,64437.3,64437.3,0.002338
2026-07-26 02:40:00+00:00,64437.3,64437.4,64437.3,64437.4,0.898436
2026-07-26 02:41:00+00:00,64437.4,64437.4,64436.4,64436.4,0.160408
2026-07-26 02:42:00+00:00,64436.4,64436.5,64436.4,64436.5,0.010541
2026-07-26 02:43:00+00:00,64436.5,64436.5,64434.4,64434.5,0.275299
2026-07-26 02:44:00+00:00,64434.5,64434.5,64434.4,64434.5,0.347345
2026-07-26 02:45:00+00:00,64434.5,64434.5,64434.4,64434.4,0.073025
2026-07-26 02:46:00+00:00,64434.4,64434.5,64434.4,64434.5,0.987791
2026-07-26 02:47:00+00:00,64434.5,64434.5,64434.4,64434.5,0.059003
2026-07-26 02:48:00+00:00,64434.5,64459.5,64434.5,64459.5,3.711193
2026-07-26 02:49:00+00:00,64459.5,64468.4,64456.5,64468.4,3.672454
2026-07-26 02:50:00+00:00,64468.4,64493.6,64468.4,64493.5,2.106141
2026-07-26 02:51:00+00:00,64493.5,64501.3,64493.5,64501.2,1.650244
2026-07-26 02:52:00+00:00,64501.2,64510.2,64501.2,64508.8,5.098265
2026-07-26 02:53:00+00:00,64508.8,64508.8,64506.7,64506.8,3.904027
2026-07-26 02:54:00+00:00,64506.8,64516.5,64506.8,64516.4,7.458258
2026-07-26 02:55:00+00:00,64516.4,64516.4,64507.8,64509.1,2.290083
2026-07-26 02:56:00+00:00,64509.1,64529.5,64509.0,64521.7,5.43538
2026-07-26 02:57:00+00:00,64521.7,64523.0,64519.1,64519.1,3.382699
2026-07-26 02:58:00+00:00,64519.1,64519.2,64519.1,64519.1,0.0117
2026-07-26 02:59:00+00:00,64519.1,64519.2,64515.9,64516.0,0.481181
2026-07-26 03:00:00+00:00,64516.0,64531.4,64516.0,64531.4,3.286711
2026-07-26 03:01:00+00:00,64531.4,64531.4,64516.5,64516.5,4.949073
2026-07-26 03:02:00+00:00,64516.5,64516.5,64496.1,64496.2,3.988934
2026-07-26 03:03:00+00:00,64496.2,64496.2,64494.5,64494.5,0.282391
2026-07-26 03:04:00+00:00,64494.5,64499.6,64494.5,64494.6,2.25296
2026-07-26 03:05:00+00:00,64494.6,64494.6,64482.3,64486.9,3.798154
2026-07-26 03:06:00+00:00,64486.9,64490.4,64486.9,64488.1,1.470706
2026-07-26 03:07:00+00:00,64488.1,64488.1,64484.1,64484.1,0.626096
2026-07-26 03:08:00+00:00,64484.1,64491.4,64484.1,64491.3,0.514344
2026-07-26 03:09:00+00:00,64491.3,64495.0,64481.5,64495.0,3.383245
2026-07-26 03:10:00+00:00,64495.0,64495.1,64492.6,64492.7,0.798087
2026-07-26 03:11:00+00:00,64492.7,64496.8,64492.1,64496.8,1.231955
2026-07-26 03:12:00+00:00,64496.8,64532.2,64496.8,64532.2,3.547029
2026-07-26 03:13:00+00:00,64532.2,64566.3,64532.2,64564.4,5.11723
2026-07-26 03:14:00+00:00,64564.4,64572.9,64560.4,64572.2,4.504327
2026-07-26 03:15:00+00:00,64572.2,64572.3,64527.4,64538.1,6.952629
2026-07-26 03:16:00+00:00,64538.1,64543.4,64538.1,64543.4,0.726059
2026-07-26 03:17:00+00:00,64543.4,64548.1,64543.4,64545.4,1.240303
2026-07-26 03:18:00+00:00,64545.4,64545.5,64536.2,64536.2,2.874417
2026-07-26 03:19:00+00:00,64536.2,64536.3,64531.1,64534.4,1.832079
2026-07-26 03:20:00+00:00,64534.4,64548.8,64534.4,64548.8,2.898574
2026-07-26 03:21:00+00:00,64548.8,64548.8,64542.3,64544.9,1.201274
2026-07-26 03:22:00+00:00,64544.9,64554.3,64544.9,64554.2,1.098196
2026-07-26 03:23:00+00:00,64554.2,64554.2,64552.3,64552.4,0.925605
2026-07-26 03:24:00+00:00,64552.4,64552.4,64550.3,64550.3,0.337967
2026-07-26 03:25:00+00:00,64550.3,64550.4,64549.1,64549.2,0.472022
2026-07-26 03:26:00+00:00,64549.2,64549.2,64542.5,64542.6,1.495064
2026-07-26 03:27:00+00:00,64542.6,64542.6,64538.7,64538.7,1.122451
2026-07-26 03:28:00+00:00,64538.7,64538.7,64533.1,64533.2,1.064613
2026-07-26 03:29:00+00:00,64533.2,64551.4,64528.8,64551.4,5.895854
2026-07-26 03:30:00+00:00,64551.4,64551.4,64541.7,64541.8,2.0106
2026-07-26 03:31:00+00:00,64541.8,64541.8,64541.7,64541.8,0.029187
2026-07-26 03:32:00+00:00,64541.8,64546.3,64541.7,64546.3,0.571981
2026-07-26 03:33:00+00:00,64546.3,64567.0,64546.3,64566.9,2.340601
2026-07-26 03:34:00+00:00,64566.9,64567.5,64561.6,64567.5,1.362721
2026-07-26 03:35:00+00:00,64567.5,64569.6,64561.3,64563.4,3.248741
2026-07-26 03:36:00+00:00,64563.4,64567.2,64563.4,64567.2,0.399952
2026-07-26 03:37:00+00:00,64567.2,64567.2,64567.1,64567.1,0.022195
2026-07-26 03:38:00+00:00,64567.1,64567.2,64567.1,64567.2,0.140414
2026-07-26 03:39:00+00:00,64567.2,64571.3,64567.1,64571.3,1.268406
2026-07-26 03:40:00+00:00,64571.3,64571.3,64561.1,64561.2,3.475726
2026-07-26 03:41:00+00:00,64561.2,64561.2,64561.1,64561.1,0.026805
2026-07-26 03:42:00+00:00,64561.1,64561.2,64561.1,64561.2,0.023986
2026-07-26 03:43:00+00:00,64561.2,64561.2,64545.8,64547.1,4.07031
2026-07-26 03:44:00+00:00,64547.1,64547.2,64528.7,64534.2,3.506528
2026-07-26 03:45:00+00:00,64534.2,64548.2,64534.2,64548.2,2.253814
2026-07-26 03:46:00+00:00,64548.2,64552.9,64543.1,64543.2,3.849227
2026-07-26 03:47:00+00:00,64543.2,64543.2,64543.1,64543.2,0.016895
2026-07-26 03:48:00+00:00,64543.2,64543.2,64541.5,64541.5,0.923874
2026-07-26 03:49:00+00:00,64541.5,64541.6,64539.9,64539.9,0.377558
2026-07-26 03:50:00+00:00,64539.9,64540.0,64539.9,64540.0,0.014065
2026-07-26 03:51:00+00:00,64540.0,64540.0,64539.9,64540.0,0.193421
2026-07-26 03:52:00+00:00,64540.0,64540.0,64536.0,64536.8,4.561821
2026-07-26 03:53:00+00:00,64536.8,64538.0,64536.8,64537.9,0.103244
2026-07-26 03:54:00+00:00,64537.9,64538.0,64537.2,64537.2,1.842704
2026-07-26 03:55:00+00:00,64537.2,64537.3,64537.2,64537.3,0.473963
2026-07-26 03:56:00+00:00,64537.3,64537.3,64529.7,64529.7,1.631547
2026-07-26 03:57:00+00:00,64529.7,64533.2,64529.7,64531.9,1.176497
2026-07-26 03:58:00+00:00,64531.9,64532.0,64527.3,64527.3,3.642227
2026-07-26 03:59:00+00:00,64527.3,64550.2,64527.3,64543.8,9.593544
2026-07-26 04:00:00+00:00,64543.8,64550.1,64537.8,64537.8,3.27515
2026-07-26 04:01:00+00:00,64537.8,64537.9,64527.3,64533.6,5.283071
2026-07-26 04:02:00+00:00,64533.6,64533.6,64526.5,64526.6,1.391832
2026-07-26 04:03:00+00:00,64526.6,64526.6,64526.5,64526.6,0.067409
2026-07-26 04:04:00+00:00,64526.6,64537.1,64526.5,64537.1,2.108827
2026-07-26 04:05:00+00:00,64537.1,64543.4,64537.1,64543.4,1.781479
2026-07-26 04:06:00+00:00,64543.4,64543.8,64525.4,64525.4,2.882024
2026-07-26 04:07:00+00:00,64525.4,64525.5,64518.6,64518.6,0.911843
2026-07-26 04:08:00+00:00,64518.6,64518.7,64509.0,64511.9,2.044864
2026-07-26 04:09:00+00:00,64511.9,64511.9,64506.2,64506.2,0.762368
2026-07-26 04:10:00+00:00,64506.2,64506.3,64506.2,64506.2,0.202628
2026-07-26 04:11:00+00:00,64506.2,64506.3,64505.7,64505.7,0.506955
2026-07-26 04:12:00+00:00,64505.7,64505.7,64504.1,64504.2,0.551809
2026-07-26 04:13:00+00:00,64504.2,64513.5,64504.1,64513.5,2.09782
2026-07-26 04:14:00+00:00,64513.5,64513.5,64502.0,64502.0,2.664842
2026-07-26 04:15:00+00:00,64502.0,64502.1,64484.8,64490.5,6.970597
2026-07-26 04:16:00+00:00,64490.5,64490.5,64490.4,64490.4,0.113112
2026-07-26 04:17:00+00:00,64490.4,64493.8,64489.5,64493.8,4.401188
2026-07-26 04:18:00+00:00,64493.8,64493.8,64493.8,64493.8,0.002177
2026-07-26 04:19:00+00:00,64493.8,64498.0,64493.8,64497.9,0.666937
2026-07-26 04:20:00+00:00,64497.9,64498.0,64497.9,64498.0,0.043326
2026-07-26 04:21:00+00:00,64498.0,64498.0,64497.9,64497.9,0.007748
2026-07-26 04:22:00+00:00,64497.9,64500.3,64497.9,64500.3,0.650498
2026-07-26 04:23:00+00:00,64500.3,64521.1,64500.3,64521.1,2.828991
2026-07-26 04:24:00+00:00,64521.1,64531.8,64521.1,64531.8,1.404368
2026-07-26 04:25:00+00:00,64531.8,64534.8,64529.6,64529.6,5.771109
2026-07-26 04:26:00+00:00,64529.6,64542.0,64529.6,64541.9,0.31873
2026-07-26 04:27:00+00:00,64541.9,64544.8,64541.9,64544.8,3.680878
2026-07-26 04:28:00+00:00,64544.8,64547.0,64542.0,64547.0,1.940555
2026-07-26 04:29:00+00:00,64547.0,64547.0,64546.9,64547.0,0.066424
2026-07-26 04:30:00+00:00,64547.0,64547.0,64546.9,64547.0,0.131289
2026-07-26 04:31:00+00:00,64547.0,64547.0,64532.7,64532.8,2.5919
2026-07-26 04:32:00+00:00,64532.8,64532.8,64532.7,64532.7,0.393562
2026-07-26 04:33:00+00:00,64532.7,64533.8,64532.7,64533.8,1.478174
2026-07-26 04:34:00+00:00,64533.8,64533.9,64533.8,64533.9,0.090936
2026-07-26 04:35:00+00:00,64533.9,64541.6,64533.9,64541.5,1.510058
2026-07-26 04:36:00+00:00,64541.5,64541.6,64532.9,64533.0,2.505978
2026-07-26 04:37:00+00:00,64533.0,64541.7,64532.9,64541.7,1.218741
2026-07-26 04:38:00+00:00,64541.7,64545.7,64541.7,64545.7,0.953263
2026-07-26 04:39:00+00:00,64545.7,64545.7,64545.6,64545.7,0.007137
2026-07-26 04:40:00+00:00,64545.7,64545.7,64545.6,64545.7,0.01191
2026-07-26 04:41:00+00:00,64545.7,64557.5,64545.6,64556.1,3.849024
2026-07-26 04:42:00+00:00,64556.1,64556.2,64556.1,64556.1,0.02502
2026-07-26 04:43:00+00:00,64556.1,64556.1,64550.3,64550.3,0.864595
2026-07-26 04:44:00+00:00,64550.3,64566.6,64550.3,64566.5,2.312504
2026-07-26 04:45:00+00:00,64566.5,64589.0,64566.5,64579.6,7.646304
2026-07-26 04:46:00+00:00,64579.6,64579.6,64556.0,64556.1,4.298533
2026-07-26 04:47:00+00:00,64556.1,64556.1,64552.5,64552.6,0.27537
2026-07-26 04:48:00+00:00,64552.6,64564.4,64552.5,64562.4,3.213114
2026-07-26 04:49:00+00:00,64562.4,64564.8,64560.2,64560.2,0.923486
2026-07-26 04:50:00+00:00,64560.2,64563.8,64560.2,64561.2,1.211179
2026-07-26 04:51:00+00:00,64561.2,64561.2,64548.9,64548.9,1.984409
2026-07-26 04:52:00+00:00,64548.9,64556.6,64548.9,64556.6,2.68946
2026-07-26 04:53:00+00:00,64556.6,64559.0,64539.5,64539.6,3.673253
2026-07-26 04:54:00+00:00,64539.6,64550.4,64539.6,64548.4,3.437582
2026-07-26 04:55:00+00:00,64548.4,64548.4,64531.8,64531.8,3.396899
2026-07-26 04:56:00+00:00,64531.8,64531.8,64528.1,64528.2,0.843013
2026-07-26 04:57:00+00:00,64528.2,64528.2,64526.1,64526.1,0.456261
2026-07-26 04:58:00+00:00,64526.1,64526.2,64526.1,64526.2,0.016489
2026-07-26 04:59:00+00:00,64526.2,64541.5,64515.5,64525.5,20.193643
2026-07-26 05:00:00+00:00,64525.5,64525.6,64491.3,64504.4,36.705434
2026-07-26 05:01:00+00:00,64504.4,64504.5,64497.7,64497.8,0.933706
2026-07-26 05:02:00+00:00,64497.8,64497.8,64491.6,64491.6,1.721894
2026-07-26 05:03:00+00:00,64491.6,64501.3,64491.6,64501.2,4.233419
2026-07-26 05:04:00+00:00,64501.2,64501.3,64501.2,64501.3,0.013867
2026-07-26 05:05:00+00:00,64501.3,64501.3,64497.3,64497.3,1.002485
2026-07-26 05:06:00+00:00,64497.3,64497.4,64497.3,64497.4,0.66043
2026-07-26 05:07:00+00:00,64497.4,64501.2,64497.3,64501.2,0.623452
2026-07-26 05:08:00+00:00,64501.2,64501.3,64501.2,64501.2,0.015476
2026-07-26 05:09:00+00:00,64501.2,64501.3,64494.6,64494.6,1.996
2026-07-26 05:10:00+00:00,64494.6,64497.4,64494.6,64497.3,4.025368
2026-07-26 05:11:00+00:00,64497.3,64502.7,64497.3,64502.7,4.364874
2026-07-26 05:12:00+00:00,64502.7,64511.9,64502.6,64509.1,9.680397
2026-07-26 05:13:00+00:00,64509.1,64509.2,64509.1,64509.2,0.031063
2026-07-26 05:14:00+00:00,64509.2,64509.2,64509.1,64509.2,0.009586
2026-07-26 05:15:00+00:00,64509.2,64509.2,64508.3,64508.3,1.259903
2026-07-26 05:16:00+00:00,64508.3,64508.3,64500.7,64500.7,3.266239
2026-07-26 05:17:00+00:00,64500.7,64500.8,64500.1,64500.2,0.49715
2026-07-26 05:18:00+00:00,64500.2,64500.2,64494.2,64496.6,1.487774
2026-07-26 05:19:00+00:00,64496.6,64500.2,64496.6,64500.2,0.82633
2026-07-26 05:20:00+00:00,64500.2,64500.2,64500.1,64500.2,0.113838
2026-07-26 05:21:00+00:00,64500.2,64500.2,64498.8,64498.9,0.427792
2026-07-26 05:22:00+00:00,64498.9,64498.9,64493.3,64493.3,0.950531
2026-07-26 05:23:00+00:00,64493.3,64495.7,64493.3,64495.6,0.325165
2026-07-26 05:24:00+00:00,64495.6,64495.7,64495.6,64495.7,0.075722
2026-07-26 05:25:00+00:00,64495.7,64495.7,64495.6,64495.7,0.036089
2026-07-26 05:26:00+00:00,64495.7,64495.7,64494.6,64494.6,0.216166
2026-07-26 05:27:00+00:00,64494.6,64494.7,64487.8,64487.8,1.476087
2026-07-26 05:28:00+00:00,64487.8,64487.9,64483.3,64483.3,1.952522
2026-07-26 05:29:00+00:00,64483.3,64483.3,64480.8,64480.8,0.417207
2026-07-26 05:30:00+00:00,64480.8,64480.9,64476.1,64476.1,2.657796
2026-07-26 05:31:00+00:00,64476.1,64476.2,64457.3,64457.4,3.552328
2026-07-26 05:32:00+00:00,64457.4,64457.4,64396.4,64432.8,20.99339
2026-07-26 05:33:00+00:00,64432.8,64437.0,64420.0,64420.0,4.232286
2026-07-26 05:34:00+00:00,64420.0,64462.7,64420.0,64454.9,6.658466
2026-07-26 05:35:00+00:00,64454.9,64464.6,64454.9,64464.6,0.546225
2026-07-26 05:36:00+00:00,64464.6,64464.6,64456.7,64456.7,1.235184
2026-07-26 05:37:00+00:00,64456.7,64462.7,64456.7,64462.6,1.810208
2026-07-26 05:38:00+00:00,64462.6,64462.7,64462.6,64462.6,0.151196
2026-07-26 05:39:00+00:00,64462.6,64467.8,64462.6,64466.6,2.192332
2026-07-26 05:40:00+00:00,64466.6,64466.7,64466.6,64466.7,0.029725
2026-07-26 05:41:00+00:00,64466.7,64466.7,64457.8,64457.9,1.102422
2026-07-26 05:42:00+00:00,64457.9,64466.3,64453.3,64466.2,1.97881
2026-07-26 05:43:00+00:00,64466.2,64466.3,64466.2,64466.2,0.104107
2026-07-26 05:44:00+00:00,64466.2,64468.4,64466.2,64468.4,0.375139
2026-07-26 05:45:00+00:00,64468.4,64468.4,64462.3,64462.4,1.07285
2026-07-26 05:46:00+00:00,64462.4,64462.4,64461.0,64461.0,0.489707
2026-07-26 05:47:00+00:00,64461.0,64461.1,64459.0,64459.0,0.369229
2026-07-26 05:48:00+00:00,64459.0,64459.0,64455.4,64455.4,0.5096
2026-07-26 05:49:00+00:00,64455.4,64455.5,64454.1,64454.1,0.550027
2026-07-26 05:50:00+00:00,64454.1,64456.5,64451.0,64452.4,2.523054
2026-07-26 05:51:00+00:00,64452.4,64452.4,64448.2,64448.2,1.426403
2026-07-26 05:52:00+00:00,64448.2,64448.3,64438.6,64443.6,2.590836
2026-07-26 05:53:00+00:00,64443.6,64443.7,64439.6,64439.6,2.38473
2026-07-26 05:54:00+00:00,64439.6,64439.6,64433.5,64433.5,2.585677
2026-07-26 05:55:00+00:00,64433.5,64433.5,64428.1,64428.2,2.127202
2026-07-26 05:56:00+00:00,64428.2,64428.2,64420.6,64420.6,1.594578
2026-07-26 05:57:00+00:00,64420.6,64420.7,64418.2,64418.3,0.20364
2026-07-26 05:58:00+00:00,64418.3,64420.0,64417.1,64420.0,1.98373
2026-07-26 05:59:00+00:00,64420.0,64420.0,64410.0,64414.4,1.875971
2026-07-26 06:00:00+00:00,64414.4,64414.9,64412.6,64412.7,2.951629
2026-07-26 06:01:00+00:00,64412.7,64413.7,64412.6,64413.7,0.534344
2026-07-26 06:02:00+00:00,64413.7,64413.7,64413.6,64413.7,0.012676
2026-07-26 06:03:00+00:00,64413.7,64423.0,64413.7,64423.0,1.415873
2026-07-26 06:04:00+00:00,64423.0,64438.0,64400.4,64402.6,13.786817
2026-07-26 06:05:00+00:00,64402.6,64402.6,64391.0,64394.8,1.62962
2026-07-26 06:06:00+00:00,64394.8,64394.8,64374.4,64381.6,5.587768
2026-07-26 06:07:00+00:00,64381.6,64381.6,64372.4,64376.3,1.917616
2026-07-26 06:08:00+00:00,64376.3,64376.4,64366.9,64370.4,2.309689
2026-07-26 06:09:00+00:00,64370.4,64375.1,64370.4,64375.1,0.596552
2026-07-26 06:10:00+00:00,64375.1,64375.1,64374.3,64374.4,1.900389
2026-07-26 06:11:00+00:00,64374.4,64374.4,64350.5,64354.8,7.643374
2026-07-26 06:12:00+00:00,64354.8,64354.9,64344.5,64344.6,1.692225
2026-07-26 06:13:00+00:00,64344.6,64346.6,64344.6,64346.5,0.467867
2026-07-26 06:14:00+00:00,64346.5,64346.6,64346.5,64346.5,0.016821
2026-07-26 06:15:00+00:00,64346.5,64346.5,64344.5,64344.6,0.538275
2026-07-26 06:16:00+00:00,64344.6,64353.8,64344.6,64353.8,1.536678
2026-07-26 06:17:00+00:00,64353.8,64354.8,64353.7,64354.8,0.153471
2026-07-26 06:18:00+00:00,64354.8,64358.4,64354.8,64358.3,0.837561
2026-07-26 06:19:00+00:00,64358.3,64358.4,64329.2,64329.2,3.504901
2026-07-26 06:20:00+00:00,64329.2,64329.2,64312.0,64315.0,5.131568
2026-07-26 06:21:00+00:00,64315.0,64315.0,64301.2,64312.5,2.220821
2026-07-26 06:22:00+00:00,64312.5,64312.5,64294.0,64297.1,3.302569
2026-07-26 06:23:00+00:00,64297.1,64297.2,64289.8,64293.2,3.746479
2026-07-26 06:24:00+00:00,64293.2,64293.9,64289.5,64293.8,1.927293
2026-07-26 06:25:00+00:00,64293.8,64305.1,64293.8,64305.1,1.212847
2026-07-26 06:26:00+00:00,64305.1,64305.2,64305.1,64305.1,0.630375
2026-07-26 06:27:00+00:00,64305.1,64305.1,64291.0,64303.8,3.220066
2026-07-26 06:28:00+00:00,64303.8,64303.9,64297.4,64297.4,0.327072
2026-07-26 06:29:00+00:00,64297.4,64297.5,64297.4,64297.5,0.021442
2026-07-26 06:30:00+00:00,64297.5,64300.8,64297.4,64300.8,0.503284
2026-07-26 06:31:00+00:00,64300.8,64303.0,64296.1,64303.0,1.511965
2026-07-26 06:32:00+00:00,64303.0,64314.6,64303.0,64314.6,0.971158
2026-07-26 06:33:00+00:00,64314.6,64324.8,64314.6,64324.8,0.733559
2026-07-26 06:34:00+00:00,64324.8,64336.7,64324.8,64336.7,0.676771
2026-07-26 06:35:00+00:00,64336.7,64350.3,64336.7,64345.9,1.309064
2026-07-26 06:36:00+00:00,64345.9,64345.9,64345.8,64345.9,0.048114
2026-07-26 06:37:00+00:00,64345.9,64350.2,64345.8,64350.2,0.128214
2026-07-26 06:38:00+00:00,64350.2,64366.5,64350.2,64359.8,3.80294
2026-07-26 06:39:00+00:00,64359.8,64390.9,64359.8,64378.7,12.51373
2026-07-26 06:40:00+00:00,64378.7,64378.7,64363.1,64363.8,2.005517
2026-07-26 06:41:00+00:00,64363.8,64370.9,64363.8,64370.8,0.331304
2026-07-26 06:42:00+00:00,64370.8,64370.9,64370.8,64370.9,0.142807
2026-07-26 06:43:00+00:00,64370.9,64370.9,64370.8,64370.8,0.269681
2026-07-26 06:44:00+00:00,64370.8,64373.1,64370.8,64373.0,0.418532
2026-07-26 06:45:00+00:00,64373.0,64379.3,64373.0,64379.3,0.563777
2026-07-26 06:46:00+00:00,64379.3,64385.7,64379.2,64385.7,0.586897
2026-07-26 06:47:00+00:00,64385.7,64398.0,64385.7,64398.0,2.908195
2026-07-26 06:48:00+00:00,64398.0,64401.9,64397.9,64401.9,0.589069
2026-07-26 06:49:00+00:00,64401.9,64402.0,64397.2,64397.2,1.752147
2026-07-26 06:50:00+00:00,64397.2,64398.3,64397.2,64397.7,0.705043
2026-07-26 06:51:00+00:00,64397.7,64405.1,64397.6,64405.1,1.309886
2026-07-26 06:52:00+00:00,64405.1,64419.3,64405.1,64415.4,1.570949
2026-07-26 06:53:00+00:00,64415.4,64416.6,64415.3,64416.6,0.608463
2026-07-26 06:54:00+00:00,64416.6,64422.8,64416.6,64422.8,3.399403
2026-07-26 06:55:00+00:00,64422.8,64445.2,64422.8,64435.1,2.736811
2026-07-26 06:56:00+00:00,64435.1,64435.1,64420.8,64431.8,2.570071
2026-07-26 06:57:00+00:00,64431.8,64454.5,64431.8,64431.8,2.509765
2026-07-26 06:58:00+00:00,64431.8,64432.6,64431.6,64432.5,0.372676
2026-07-26 06:59:00+00:00,64432.5,64435.6,64432.5,64435.5,1.876479
2026-07-26 07:00:00+00:00,64435.5,64436.6,64433.3,64436.6,1.443199
2026-07-26 07:01:00+00:00,64436.6,64457.4,64436.6,64453.7,1.49617
2026-07-26 07:02:00+00:00,64453.7,64456.3,64452.8,64452.9,1.015371
2026-07-26 07:03:00+00:00,64452.9,64452.9,64439.3,64439.3,2.523742
2026-07-26 07:04:00+00:00,64439.3,64439.3,64428.9,64428.9,1.010515
2026-07-26 07:05:00+00:00,64428.9,64428.9,64419.0,64421.6,1.213962
2026-07-26 07:06:00+00:00,64421.6,64421.6,64420.5,64420.5,0.159005
2026-07-26 07:07:00+00:00,64420.5,64421.6,64416.6,64421.6,2.284761
2026-07-26 07:08:00+00:00,64421.6,64434.8,64421.6,64434.8,1.083574
2026-07-26 07:09:00+00:00,64434.8,64434.8,64416.0,64416.0,1.248421
2026-07-26 07:10:00+00:00,64416.0,64416.1,64395.6,64395.6,1.687106
2026-07-26 07:11:00+00:00,64395.6,64396.4,64389.9,64396.4,1.419023
2026-07-26 07:12:00+00:00,64396.4,64403.8,64396.4,64403.8,0.950878
2026-07-26 07:13:00+00:00,64403.8,64410.5,64403.8,64410.5,0.551052
2026-07-26 07:14:00+00:00,64410.5,64421.8,64410.4,64421.8,0.671368
2026-07-26 07:15:00+00:00,64421.8,64437.2,64421.8,64437.1,1.504098
2026-07-26 07:16:00+00:00,64437.1,64437.2,64431.3,64431.4,2.811162
2026-07-26 07:17:00+00:00,64431.4,64431.4,64425.0,64425.1,0.734901
2026-07-26 07:18:00+00:00,64425.1,64425.1,64419.5,64419.5,1.135884
2026-07-26 07:19:00+00:00,64419.5,64419.6,64393.3,64393.4,1.855801
2026-07-26 07:20:00+00:00,64393.4,64394.7,64384.1,64384.2,7.412933
2026-07-26 07:21:00+00:00,64384.2,64384.2,64361.4,64370.8,2.894881
2026-07-26 07:22:00+00:00,64370.8,64371.3,64369.5,64371.2,0.755289
2026-07-26 07:23:00+00:00,64371.2,64371.3,64367.3,64367.4,0.636087
2026-07-26 07:24:00+00:00,64367.4,64367.4,64363.7,64363.7,0.222663
2026-07-26 07:25:00+00:00,64363.7,64364.4,64362.6,64364.3,0.471049
2026-07-26 07:26:00+00:00,64364.3,64367.5,64364.3,64367.4,0.256455
2026-07-26 07:27:00+00:00,64367.4,64368.5,64367.4,64368.4,0.578689
2026-07-26 07:28:00+00:00,64368.4,64368.5,64368.4,64368.5,0.015806
2026-07-26 07:29:00+00:00,64368.5,64368.5,64368.4,64368.4,0.301853
2026-07-26 07:30:00+00:00,64368.4,64368.5,64368.4,64368.5,0.070743
2026-07-26 07:31:00+00:00,64368.5,64371.9,64364.2,64364.3,2.958868
2026-07-26 07:32:00+00:00,64364.3,64364.3,64356.9,64362.4,2.235819
2026-07-26 07:33:00+00:00,64362.4,64362.4,64362.3,64362.4,0.15926
2026-07-26 07:34:00+00:00,64362.4,64363.8,64362.3,64363.8,0.40367
2026-07-26 07:35:00+00:00,64363.8,64363.8,64363.7,64363.8,0.094004
2026-07-26 07:36:00+00:00,64363.8,64364.3,64363.7,64364.3,0.438662
2026-07-26 07:37:00+00:00,64364.3,64364.6,64356.6,64356.7,2.513915
2026-07-26 07:38:00+00:00,64356.7,64360.8,64351.5,64351.9,3.712535
2026-07-26 07:39:00+00:00,64351.9,64351.9,64351.8,64351.9,0.093659
2026-07-26 07:40:00+00:00,64351.9,64360.5,64345.8,64360.5,4.179063
2026-07-26 07:41:00+00:00,64360.5,64364.9,64360.4,64364.9,0.774347
2026-07-26 07:42:00+00:00,64364.9,64368.0,64364.8,64368.0,0.624996
2026-07-26 07:43:00+00:00,64368.0,64375.4,64367.9,64375.3,2.185245
2026-07-26 07:44:00+00:00,64375.3,64379.5,64341.8,64347.6,10.709467
2026-07-26 07:45:00+00:00,64347.6,64352.9,64347.6,64352.9,1.176545
2026-07-26 07:46:00+00:00,64352.9,64362.8,64352.9,64362.7,0.864397
2026-07-26 07:47:00+00:00,64362.7,64365.9,64361.9,64365.9,2.248881
2026-07-26 07:48:00+00:00,64365.9,64369.4,64365.9,64369.4,0.170672
2026-07-26 07:49:00+00:00,64369.4,64378.4,64369.3,64378.3,0.573213
2026-07-26 07:50:00+00:00,64378.3,64378.4,64374.7,64374.8,1.185764
2026-07-26 07:51:00+00:00,64374.8,64374.8,64361.4,64361.4,1.56483
2026-07-26 07:52:00+00:00,64361.4,64363.0,64361.4,64363.0,0.56899
2026-07-26 07:53:00+00:00,64363.0,64371.9,64362.9,64371.9,0.942325
2026-07-26 07:54:00+00:00,64371.9,64371.9,64367.9,64368.0,1.541608
2026-07-26 07:55:00+00:00,64368.0,64368.0,64367.9,64368.0,0.082019
2026-07-26 07:56:00+00:00,64368.0,64368.0,64357.8,64359.0,3.464517
2026-07-26 07:57:00+00:00,64359.0,64359.0,64358.9,64359.0,0.078595
2026-07-26 07:58:00+00:00,64359.0,64362.1,64358.9,64362.1,1.079192
2026-07-26 07:59:00+00:00,64362.1,64371.8,64362.0,64371.8,1.072672
2026-07-26 08:00:00+00:00,64371.8,64376.6,64354.5,64358.2,4.20612
2026-07-26 08:01:00+00:00,64358.2,64365.6,64358.1,64365.5,1.120903
2026-07-26 08:02:00+00:00,64365.5,64365.6,64352.6,64352.6,2.450746
2026-07-26 08:03:00+00:00,64352.6,64352.7,64348.9,64348.9,0.150959
2026-07-26 08:04:00+00:00,64348.9,64354.8,64348.9,64354.7,0.790119
2026-07-26 08:05:00+00:00,64354.7,64354.8,64354.7,64354.7,0.036143
2026-07-26 08:06:00+00:00,64354.7,64360.3,64354.7,64360.2,1.470917
2026-07-26 08:07:00+00:00,64360.2,64367.9,64360.2,64367.4,5.952138
2026-07-26 08:08:00+00:00,64367.4,64373.2,64367.4,64373.2,1.412795
2026-07-26 08:09:00+00:00,64373.2,64376.8,64373.1,64376.7,0.155285
2026-07-26 08:10:00+00:00,64376.7,64376.8,64376.7,64376.7,0.014708
2026-07-26 08:11:00+00:00,64376.7,64380.7,64376.7,64380.6,0.465986
2026-07-26 08:12:00+00:00,64380.6,64383.0,64380.6,64382.9,0.169572
2026-07-26 08:13:00+00:00,64382.9,64388.4,64382.9,64388.4,1.338548
2026-07-26 08:14:00+00:00,64388.4,64388.4,64388.3,64388.3,0.292908
2026-07-26 08:15:00+00:00,64388.3,64395.5,64388.3,64395.5,1.852035
2026-07-26 08:16:00+00:00,64395.5,64395.5,64395.4,64395.4,0.106248
2026-07-26 08:17:00+00:00,64395.4,64408.0,64395.4,64407.9,1.231282
2026-07-26 08:18:00+00:00,64407.9,64408.0,64399.0,64399.0,3.504771
2026-07-26 08:19:00+00:00,64399.0,64399.1,64399.0,64399.1,0.288178
2026-07-26 08:20:00+00:00,64399.1,64399.8,64399.0,64399.8,0.919389
2026-07-26 08:21:00+00:00,64399.8,64399.8,64399.7,64399.8,0.044537
2026-07-26 08:22:00+00:00,64399.8,64399.8,64397.3,64397.3,0.53351
2026-07-26 08:23:00+00:00,64397.3,64397.4,64390.0,64390.0,2.894534
2026-07-26 08:24:00+00:00,64390.0,64390.1,64387.7,64387.7,0.605126
2026-07-26 08:25:00+00:00,64387.7,64387.8,64382.5,64382.5,0.308173
2026-07-26 08:26:00+00:00,64382.5,64382.5,64374.1,64374.1,0.439841
2026-07-26 08:27:00+00:00,64374.1,64391.3,64374.1,64391.2,1.906999
2026-07-26 08:28:00+00:00,64391.2,64395.5,64391.2,64395.4,0.664137
2026-07-26 08:29:00+00:00,64395.4,64396.8,64395.4,64396.8,0.215348
2026-07-26 08:30:00+00:00,64396.8,64398.1,64393.6,64393.6,0.709052
2026-07-26 08:31:00+00:00,64393.6,64393.7,64393.6,64393.6,0.104742
2026-07-26 08:32:00+00:00,64393.6,64393.7,64393.6,64393.6,0.022485
2026-07-26 08:33:00+00:00,64393.6,64393.7,64393.6,64393.7,0.068897
2026-07-26 08:34:00+00:00,64393.7,64400.7,64393.6,64400.6,0.828739
2026-07-26 08:35:00+00:00,64400.6,64403.7,64400.6,64403.6,0.812318
2026-07-26 08:36:00+00:00,64403.6,64403.7,64403.6,64403.6,0.049481
2026-07-26 08:37:00+00:00,64403.6,64403.7,64403.6,64403.7,0.026214
2026-07-26 08:38:00+00:00,64403.7,64403.7,64399.7,64399.8,0.559406
2026-07-26 08:39:00+00:00,64399.8,64399.8,64399.7,64399.8,0.149002
2026-07-26 08:40:00+00:00,64399.8,64406.1,64399.7,64406.1,1.230254
2026-07-26 08:41:00+00:00,64406.1,64420.3,64406.1,64420.3,0.77346
2026-07-26 08:42:00+00:00,64420.3,64424.4,64420.3,64422.7,1.320855
2026-07-26 08:43:00+00:00,64422.7,64434.2,64422.6,64434.2,1.175343
2026-07-26 08:44:00+00:00,64434.2,64438.0,64434.2,64438.0,0.737461
2026-07-26 08:45:00+00:00,64438.0,64440.5,64437.9,64440.5,0.306797
2026-07-26 08:46:00+00:00,64440.5,64448.0,64440.4,64447.9,1.370702
2026-07-26 08:47:00+00:00,64447.9,64454.8,64447.9,64454.8,1.562191
2026-07-26 08:48:00+00:00,64454.8,64474.0,64454.8,64473.9,0.572433
2026-07-26 08:49:00+00:00,64473.9,64474.0,64464.5,64464.5,3.696393
2026-07-26 08:50:00+00:00,64464.5,64464.5,64463.2,64463.2,0.271857
2026-07-26 08:51:00+00:00,64463.2,64484.0,64463.2,64484.0,2.401686
2026-07-26 08:52:00+00:00,64484.0,64490.0,64483.9,64488.5,1.453948
2026-07-26 08:53:00+00:00,64488.5,64488.6,64488.5,64488.6,0.030656
2026-07-26 08:54:00+00:00,64488.6,64492.4,64488.5,64492.4,0.587221
2026-07-26 08:55:00+00:00,64492.4,64492.4,64492.3,64492.3,0.123366
2026-07-26 08:56:00+00:00,64492.3,64492.4,64492.3,64492.3,0.088873
2026-07-26 08:57:00+00:00,64492.3,64492.4,64490.3,64490.3,1.264954
2026-07-26 08:58:00+00:00,64490.3,64490.4,64486.4,64486.4,0.912235
2026-07-26 08:59:00+00:00,64486.4,64486.5,64475.1,64478.4,2.003593
2026-07-26 09:00:00+00:00,64478.4,64482.0,64478.4,64482.0,0.335739
2026-07-26 09:01:00+00:00,64482.0,64502.0,64481.9,64498.1,2.085989
2026-07-26 09:02:00+00:00,64498.1,64498.2,64498.1,64498.1,0.092108
2026-07-26 09:03:00+00:00,64498.1,64498.2,64498.1,64498.2,0.011452
2026-07-26 09:04:00+00:00,64498.2,64520.0,64498.1,64513.8,5.793446
2026-07-26 09:05:00+00:00,64513.8,64515.1,64501.1,64501.2,1.729363
2026-07-26 09:06:00+00:00,64501.2,64501.2,64479.8,64479.8,1.290984
2026-07-26 09:07:00+00:00,64479.8,64479.9,64479.8,64479.8,0.167792
2026-07-26 09:08:00+00:00,64479.8,64490.0,64479.8,64490.0,1.312584
2026-07-26 09:09:00+00:00,64490.0,64497.8,64490.0,64497.8,0.387049
2026-07-26 09:10:00+00:00,64497.8,64505.1,64497.7,64505.1,0.584111
2026-07-26 09:11:00+00:00,64505.1,64505.1,64497.9,64497.9,3.964343
2026-07-26 09:12:00+00:00,64497.9,64498.0,64496.8,64496.8,0.275543
2026-07-26 09:13:00+00:00,64496.8,64496.9,64496.8,64496.8,0.368452
2026-07-26 09:14:00+00:00,64496.8,64496.9,64496.0,64496.0,0.071795
2026-07-26 09:15:00+00:00,64496.0,64496.1,64496.0,64496.1,0.106885
2026-07-26 09:16:00+00:00,64496.1,64499.3,64496.0,64498.0,2.747628
2026-07-26 09:17:00+00:00,64498.0,64549.9,64498.0,64549.9,5.836494
2026-07-26 09:18:00+00:00,64549.9,64549.9,64541.3,64541.3,3.870297
2026-07-26 09:19:00+00:00,64541.3,64541.4,64540.0,64540.1,1.256158
2026-07-26 09:20:00+00:00,64540.1,64540.1,64540.0,64540.1,0.18148
2026-07-26 09:21:00+00:00,64540.1,64545.4,64540.1,64543.2,2.375171
2026-07-26 09:22:00+00:00,64543.2,64543.2,64543.1,64543.2,0.089545
2026-07-26 09:23:00+00:00,64543.2,64543.2,64543.1,64543.2,0.007359
2026-07-26 09:24:00+00:00,64543.2,64543.2,64543.1,64543.1,0.024164
2026-07-26 09:25:00+00:00,64543.1,64543.2,64543.1,64543.1,0.030366
2026-07-26 09:26:00+00:00,64543.1,64543.2,64539.9,64540.0,1.220398
2026-07-26 09:27:00+00:00,64540.0,64540.0,64537.1,64537.1,1.481561
2026-07-26 09:28:00+00:00,64537.1,64537.1,64534.3,64536.8,2.365413
2026-07-26 09:29:00+00:00,64536.8,64536.8,64536.7,64536.7,0.109301
2026-07-26 09:30:00+00:00,64536.7,64536.8,64517.8,64517.8,3.108407
2026-07-26 09:31:00+00:00,64517.8,64525.7,64513.4,64525.6,5.094032
2026-07-26 09:32:00+00:00,64525.6,64525.7,64525.6,64525.6,0.104559
2026-07-26 09:33:00+00:00,64525.6,64526.2,64525.6,64526.2,0.467491
2026-07-26 09:34:00+00:00,64526.2,64526.2,64518.7,64518.7,2.338451
2026-07-26 09:35:00+00:00,64518.7,64518.8,64518.7,64518.7,0.125073
2026-07-26 09:36:00+00:00,64518.7,64522.2,64518.7,64522.2,0.429096
2026-07-26 09:37:00+00:00,64522.2,64530.0,64522.1,64530.0,2.410385
2026-07-26 09:38:00+00:00,64530.0,64536.1,64530.0,64536.1,0.73841
2026-07-26 09:39:00+00:00,64536.1,64539.8,64534.2,64539.8,2.483919
2026-07-26 09:40:00+00:00,64539.8,64544.8,64539.7,64544.8,0.905755
2026-07-26 09:41:00+00:00,64544.8,64544.8,64544.7,64544.7,0.10156
2026-07-26 09:42:00+00:00,64544.7,64544.8,64544.4,64544.4,0.783097
2026-07-26 09:43:00+00:00,64544.4,64544.5,64544.4,64544.4,1.256091
2026-07-26 09:44:00+00:00,64544.4,64544.4,64540.5,64544.1,3.895666
2026-07-26 09:45:00+00:00,64544.1,64544.5,64544.1,64544.5,2.279078
2026-07-26 09:46:00+00:00,64544.5,64545.4,64544.4,64545.4,0.552996
2026-07-26 09:47:00+00:00,64545.4,64552.8,64545.3,64552.8,2.517143
2026-07-26 09:48:00+00:00,64552.8,64552.8,64550.7,64551.3,0.953325
2026-07-26 09:49:00+00:00,64551.3,64551.3,64551.2,64551.3,0.025607
2026-07-26 09:50:00+00:00,64551.3,64551.3,64546.8,64546.8,2.101759
2026-07-26 09:51:00+00:00,64546.8,64546.9,64546.8,64546.9,0.156297
2026-07-26 09:52:00+00:00,64546.9,64546.9,64539.5,64539.5,1.660969
2026-07-26 09:53:00+00:00,64539.5,64539.6,64538.2,64538.2,0.131411
2026-07-26 09:54:00+00:00,64538.2,64538.3,64538.2,64538.3,0.005692
2026-07-26 09:55:00+00:00,64538.3,64538.3,64538.2,64538.3,0.027335
2026-07-26 09:56:00+00:00,64538.3,64538.3,64535.5,64535.6,0.591727
2026-07-26 09:57:00+00:00,64535.6,64535.6,64535.5,64535.5,0.121237
2026-07-26 09:58:00+00:00,64535.5,64535.6,64535.5,64535.6,0.049364
2026-07-26 09:59:00+00:00,64535.6,64535.6,64535.5,64535.5,0.952752
2026-07-26 10:00:00+00:00,64535.5,64536.9,64514.6,64514.6,5.679401
2026-07-26 10:01:00+00:00,64514.6,64517.0,64513.0,64517.0,1.869498
2026-07-26 10:02:00+00:00,64517.0,64518.3,64516.9,64518.3,0.460817
2026-07-26 10:03:00+00:00,64518.3,64518.3,64507.4,64507.5,1.035042
2026-07-26 10:04:00+00:00,64507.5,64507.5,64507.4,64507.5,0.030475
2026-07-26 10:05:00+00:00,64507.5,64507.5,64507.4,64507.5,0.020208
2026-07-26 10:06:00+00:00,64507.5,64507.5,64507.4,64507.5,0.03402
2026-07-26 10:07:00+00:00,64507.5,64514.1,64507.4,64514.1,2.527802
2026-07-26 10:08:00+00:00,64514.1,64514.1,64512.7,64514.0,2.581856
2026-07-26 10:09:00+00:00,64514.0,64514.0,64510.7,64510.7,0.443723
2026-07-26 10:10:00+00:00,64510.7,64510.8,64502.5,64502.5,1.749463
2026-07-26 10:11:00+00:00,64502.5,64502.6,64497.4,64501.3,3.730337
2026-07-26 10:12:00+00:00,64501.3,64501.4,64501.3,64501.3,0.793418
2026-07-26 10:13:00+00:00,64501.3,64508.9,64501.3,64508.8,0.949658
2026-07-26 10:14:00+00:00,64508.8,64508.9,64506.7,64506.8,0.699781
2026-07-26 10:15:00+00:00,64506.8,64506.8,64502.7,64502.7,0.683299
2026-07-26 10:16:00+00:00,64502.7,64502.7,64494.7,64499.5,2.875823
2026-07-26 10:17:00+00:00,64499.5,64499.6,64499.5,64499.6,0.069262
2026-07-26 10:18:00+00:00,64499.6,64499.6,64499.5,64499.6,0.029264
2026-07-26 10:19:00+00:00,64499.6,64499.6,64499.5,64499.5,0.26335
2026-07-26 10:20:00+00:00,64499.5,64502.8,64499.5,64502.8,0.57224
2026-07-26 10:21:00+00:00,64502.8,64502.8,64502.7,64502.8,0.055062
2026-07-26 10:22:00+00:00,64502.8,64517.4,64502.7,64517.4,1.755217
2026-07-26 10:23:00+00:00,64517.4,64525.6,64517.3,64525.6,0.407286
2026-07-26 10:24:00+00:00,64525.6,64541.3,64525.5,64533.5,4.701389
2026-07-26 10:25:00+00:00,64533.5,64533.5,64532.2,64532.2,0.129889
2026-07-26 10:26:00+00:00,64532.2,64532.3,64532.2,64532.2,0.059232
2026-07-26 10:27:00+00:00,64532.2,64532.2,64526.0,64526.0,1.228253
2026-07-26 10:28:00+00:00,64526.0,64526.1,64523.5,64523.6,0.203307
2026-07-26 10:29:00+00:00,64523.6,64523.6,64523.5,64523.5,0.12388
2026-07-26 10:30:00+00:00,64523.5,64530.3,64523.5,64530.3,1.36625
2026-07-26 10:31:00+00:00,64530.3,64532.0,64530.3,64531.9,0.263795
2026-07-26 10:32:00+00:00,64531.9,64532.0,64531.9,64532.0,0.052065
2026-07-26 10:33:00+00:00,64532.0,64532.0,64531.9,64531.9,0.063246
2026-07-26 10:34:00+00:00,64531.9,64533.0,64531.9,64532.9,0.823558
2026-07-26 10:35:00+00:00,64532.9,64544.3,64532.9,64544.2,1.258298
2026-07-26 10:36:00+00:00,64544.2,64546.9,64544.2,64546.8,0.887238
2026-07-26 10:37:00+00:00,64546.8,64546.9,64546.8,64546.8,0.040771
2026-07-26 10:38:00+00:00,64546.8,64546.9,64546.8,64546.8,0.029645
2026-07-26 10:39:00+00:00,64546.8,64546.9,64546.8,64546.8,0.503988
2026-07-26 10:40:00+00:00,64546.8,64550.0,64546.8,64550.0,1.60277
2026-07-26 10:41:00+00:00,64550.0,64551.4,64550.0,64551.3,0.528125
2026-07-26 10:42:00+00:00,64551.3,64551.4,64551.3,64551.4,0.072103
2026-07-26 10:43:00+00:00,64551.4,64551.4,64551.3,64551.3,0.051179
2026-07-26 10:44:00+00:00,64551.3,64551.4,64551.3,64551.4,0.035474
2026-07-26 10:45:00+00:00,64551.4,64579.4,64551.3,64568.1,8.784558
2026-07-26 10:46:00+00:00,64568.1,64568.2,64562.5,64562.5,1.794532
2026-07-26 10:47:00+00:00,64562.5,64562.6,64541.7,64541.8,2.174934
2026-07-26 10:48:00+00:00,64541.8,64541.8,64528.0,64528.0,1.472072
2026-07-26 10:49:00+00:00,64528.0,64528.1,64516.6,64516.6,2.434661
2026-07-26 10:50:00+00:00,64516.6,64516.7,64512.9,64512.9,1.121961
2026-07-26 10:51:00+00:00,64512.9,64513.0,64512.9,64513.0,0.203629
2026-07-26 10:52:00+00:00,64513.0,64523.3,64512.9,64523.2,2.337419
2026-07-26 10:53:00+00:00,64523.2,64525.9,64523.2,64525.8,0.445863
2026-07-26 10:54:00+00:00,64525.8,64525.9,64525.8,64525.8,0.266877
2026-07-26 10:55:00+00:00,64525.8,64525.9,64525.8,64525.9,0.07964
2026-07-26 10:56:00+00:00,64525.9,64525.9,64515.7,64515.7,1.843805
2026-07-26 10:57:00+00:00,64515.7,64515.7,64512.9,64512.9,0.066118
2026-07-26 10:58:00+00:00,64512.9,64515.5,64512.9,64515.4,0.80278
2026-07-26 10:59:00+00:00,64515.4,64515.5,64515.4,64515.5,0.024971
2026-07-26 11:00:00+00:00,64515.5,64515.5,64514.2,64514.2,0.426133
2026-07-26 11:01:00+00:00,64514.2,64514.3,64514.2,64514.3,0.083777
2026-07-26 11:02:00+00:00,64514.3,64514.3,64508.8,64513.5,1.444359
2026-07-26 11:03:00+00:00,64513.5,64524.5,64513.4,64524.5,1.090357
2026-07-26 11:04:00+00:00,64524.5,64525.8,64524.5,64525.8,0.132154
2026-07-26 11:05:00+00:00,64525.8,64527.1,64525.7,64525.7,0.611201
2026-07-26 11:06:00+00:00,64525.7,64533.8,64525.7,64533.7,1.172016
2026-07-26 11:07:00+00:00,64533.7,64533.8,64527.0,64527.0,3.060532
2026-07-26 11:08:00+00:00,64527.0,64527.1,64511.5,64511.6,0.524865
2026-07-26 11:09:00+00:00,64511.6,64511.6,64511.5,64511.5,0.129809
2026-07-26 11:10:00+00:00,64511.5,64511.6,64504.5,64504.6,0.715127
2026-07-26 11:11:00+00:00,64504.6,64509.8,64504.5,64509.8,0.880787
2026-07-26 11:12:00+00:00,64509.8,64509.8,64509.0,64509.0,0.491024
2026-07-26 11:13:00+00:00,64509.0,64509.1,64509.0,64509.1,0.043982
2026-07-26 11:14:00+00:00,64509.1,64509.1,64509.0,64509.0,0.027331
2026-07-26 11:15:00+00:00,64509.0,64509.1,64509.0,64509.1,0.058227
2026-07-26 11:16:00+00:00,64509.1,64515.3,64509.0,64515.2,0.938621
2026-07-26 11:17:00+00:00,64515.2,64516.6,64515.2,64516.6,0.268534
2026-07-26 11:18:00+00:00,64516.6,64521.4,64516.5,64521.4,0.831624
2026-07-26 11:19:00+00:00,64521.4,64524.9,64521.4,64524.9,0.394799
2026-07-26 11:20:00+00:00,64524.9,64524.9,64513.4,64513.5,2.302212
2026-07-26 11:21:00+00:00,64513.5,64513.5,64511.9,64512.0,0.075367
2026-07-26 11:22:00+00:00,64512.0,64512.0,64511.9,64511.9,0.256148
2026-07-26 11:23:00+00:00,64511.9,64512.0,64511.7,64511.7,0.31998
2026-07-26 11:24:00+00:00,64511.7,64511.8,64511.7,64511.7,0.041675
2026-07-26 11:25:00+00:00,64511.7,64511.8,64507.4,64507.4,0.291539
2026-07-26 11:26:00+00:00,64507.4,64507.5,64504.5,64504.5,0.311068
2026-07-26 11:27:00+00:00,64504.5,64504.6,64504.5,64504.6,0.076196
2026-07-26 11:28:00+00:00,64504.6,64504.6,64504.5,64504.5,0.034558
2026-07-26 11:29:00+00:00,64504.5,64504.6,64501.4,64502.2,0.258413
2026-07-26 11:30:00+00:00,64502.2,64502.2,64500.0,64500.1,0.306175
2026-07-26 11:31:00+00:00,64500.1,64500.1,64500.0,64500.1,0.21246
2026-07-26 11:32:00+00:00,64500.1,64500.1,64500.0,64500.1,0.299914
2026-07-26 11:33:00+00:00,64500.1,64500.1,64500.0,64500.0,0.053168
2026-07-26 11:34:00+00:00,64500.0,64500.1,64500.0,64500.1,0.037224
2026-07-26 11:35:00+00:00,64500.1,64500.1,64500.0,64500.0,0.019867
2026-07-26 11:36:00+00:00,64500.0,64500.1,64500.0,64500.1,0.132622
2026-07-26 11:37:00+00:00,64500.1,64500.1,64500.0,64500.0,0.127195
2026-07-26 11:38:00+00:00,64500.0,64500.1,64491.7,64491.7,1.207753
2026-07-26 11:39:00+00:00,64491.7,64491.8,64491.7,64491.8,0.520465
2026-07-26 11:40:00+00:00,64491.8,64491.8,64491.7,64491.8,0.071169
2026-07-26 11:41:00+00:00,64491.8,64491.8,64488.9,64488.9,0.516352
2026-07-26 11:42:00+00:00,64488.9,64491.4,64488.9,64491.4,1.056612
2026-07-26 11:43:00+00:00,64491.4,64497.0,64491.3,64496.9,0.636595
2026-07-26 11:44:00+00:00,64496.9,64497.0,64496.9,64497.0,0.05847
2026-07-26 11:45:00+00:00,64497.0,64499.7,64496.9,64499.4,1.795426
2026-07-26 11:46:00+00:00,64499.4,64499.4,64499.3,64499.4,0.046657
2026-07-26 11:47:00+00:00,64499.4,64510.3,64499.4,64510.2,1.675679
2026-07-26 11:48:00+00:00,64510.2,64513.9,64510.2,64513.9,0.436829
2026-07-26 11:49:00+00:00,64513.9,64513.9,64510.2,64510.3,1.608425
2026-07-26 11:50:00+00:00,64510.3,64513.8,64510.3,64513.7,0.316386
2026-07-26 11:51:00+00:00,64513.7,64513.8,64513.7,64513.8,0.031174
2026-07-26 11:52:00+00:00,64513.8,64513.8,64513.7,64513.7,0.033101
2026-07-26 11:53:00+00:00,64513.7,64513.8,64508.9,64508.9,0.790594
2026-07-26 11:54:00+00:00,64508.9,64508.9,64507.6,64507.7,0.099434
2026-07-26 11:55:00+00:00,64507.7,64507.7,64507.6,64507.6,0.026621
2026-07-26 11:56:00+00:00,64507.6,64507.7,64499.7,64499.7,0.660328
2026-07-26 11:57:00+00:00,64499.7,64499.8,64499.7,64499.7,0.024799
2026-07-26 11:58:00+00:00,64499.7,64503.4,64499.7,64503.4,0.917853
2026-07-26 11:59:00+00:00,64503.4,64508.7,64503.3,64508.6,0.562603
2026-07-26 12:00:00+00:00,64508.6,64511.3,64508.6,64511.3,0.504209
2026-07-26 12:01:00+00:00,64511.3,64511.3,64511.2,64511.3,0.033831
2026-07-26 12:02:00+00:00,64511.3,64539.4,64511.2,64539.3,4.031338
2026-07-26 12:03:00+00:00,64539.3,64547.7,64539.3,64547.7,0.532042
2026-07-26 12:04:00+00:00,64547.7,64556.9,64547.7,64556.8,1.608681
2026-07-26 12:05:00+00:00,64556.8,64564.6,64556.8,64564.6,0.514335
2026-07-26 12:06:00+00:00,64564.6,64654.6,64564.6,64626.9,30.703781
2026-07-26 12:07:00+00:00,64626.9,64662.1,64625.0,64644.4,6.222207
2026-07-26 12:08:00+00:00,64644.4,64644.4,64615.1,64632.6,3.716107
2026-07-26 12:09:00+00:00,64632.6,64634.6,64591.1,64591.1,3.831922
2026-07-26 12:10:00+00:00,64591.1,64591.6,64576.8,64589.0,4.736108
2026-07-26 12:11:00+00:00,64589.0,64589.1,64579.6,64579.7,1.218567
2026-07-26 12:12:00+00:00,64579.7,64590.3,64579.6,64590.3,1.075186
2026-07-26 12:13:00+00:00,64590.3,64614.9,64590.3,64614.8,1.132109
2026-07-26 12:14:00+00:00,64614.8,64614.9,64605.3,64605.4,2.031098
2026-07-26 12:15:00+00:00,64605.4,64612.3,64605.4,64612.2,0.703289
2026-07-26 12:16:00+00:00,64612.2,64618.3,64604.8,64604.8,1.769039
2026-07-26 12:17:00+00:00,64604.8,64604.8,64584.3,64584.4,2.533438
2026-07-26 12:18:00+00:00,64584.4,64588.6,64566.8,64566.8,2.220174
2026-07-26 12:19:00+00:00,64566.8,64570.7,64542.6,64542.6,4.49416
2026-07-26 12:20:00+00:00,64542.6,64542.7,64513.6,64527.2,5.683292
2026-07-26 12:21:00+00:00,64527.2,64551.0,64527.1,64551.0,1.716561
2026-07-26 12:22:00+00:00,64551.0,64566.1,64551.0,64566.0,1.171611
2026-07-26 12:23:00+00:00,64566.0,64566.1,64566.0,64566.0,0.10323
2026-07-26 12:24:00+00:00,64566.0,64573.7,64566.0,64573.6,0.554523
2026-07-26 12:25:00+00:00,64573.6,64573.7,64570.6,64570.6,5.046381
2026-07-26 12:26:00+00:00,64570.6,64578.4,64570.6,64578.3,0.749279
2026-07-26 12:27:00+00:00,64578.3,64582.0,64578.3,64580.3,0.505665
2026-07-26 12:28:00+00:00,64580.3,64580.3,64571.1,64575.0,1.678789
2026-07-26 12:29:00+00:00,64575.0,64578.1,64574.9,64578.1,0.55115
2026-07-26 12:30:00+00:00,64578.1,64578.1,64565.6,64565.6,1.367186
2026-07-26 12:31:00+00:00,64565.6,64565.7,64551.6,64562.3,2.954871
2026-07-26 12:32:00+00:00,64562.3,64562.4,64562.0,64562.1,0.244712
2026-07-26 12:33:00+00:00,64562.1,64562.1,64555.9,64555.9,1.437865
2026-07-26 12:34:00+00:00,64555.9,64556.0,64550.8,64550.9,0.257951
2026-07-26 12:35:00+00:00,64550.9,64552.2,64550.8,64552.2,0.925744
2026-07-26 12:36:00+00:00,64552.2,64560.4,64552.1,64560.3,2.395748
2026-07-26 12:37:00+00:00,64560.3,64560.4,64560.3,64560.3,0.023894
2026-07-26 12:38:00+00:00,64560.3,64560.3,64551.4,64551.4,1.444123
2026-07-26 12:39:00+00:00,64551.4,64551.4,64530.5,64530.6,1.166191
2026-07-26 12:40:00+00:00,64530.6,64530.6,64517.2,64517.2,0.581443
2026-07-26 12:41:00+00:00,64517.2,64517.2,64507.2,64507.2,0.658068
2026-07-26 12:42:00+00:00,64507.2,64507.3,64505.0,64505.0,0.162919
2026-07-26 12:43:00+00:00,64505.0,64505.1,64500.7,64500.7,1.033018
2026-07-26 12:44:00+00:00,64500.7,64500.8,64500.7,64500.7,0.318742
2026-07-26 12:45:00+00:00,64500.7,64500.7,64468.4,64468.4,3.373374
2026-07-26 12:46:00+00:00,64468.4,64468.5,64463.2,64463.2,0.205226
2026-07-26 12:47:00+00:00,64463.2,64473.2,64441.3,64473.2,4.616592
2026-07-26 12:48:00+00:00,64473.2,64482.4,64473.2,64477.5,1.144152
2026-07-26 12:49:00+00:00,64477.5,64477.5,64461.8,64461.8,1.54342
2026-07-26 12:50:00+00:00,64461.8,64461.9,64432.6,64451.9,5.994669
2026-07-26 12:51:00+00:00,64451.9,64471.1,64451.9,64471.0,1.234864
2026-07-26 12:52:00+00:00,64471.0,64472.4,64471.0,64472.4,0.062703
2026-07-26 12:53:00+00:00,64472.4,64478.8,64472.4,64478.7,0.279176
2026-07-26 12:54:00+00:00,64478.7,64478.8,64478.7,64478.8,0.125045
2026-07-26 12:55:00+00:00,64478.8,64478.8,64478.7,64478.8,0.077201
2026-07-26 12:56:00+00:00,64478.8,64478.8,64478.7,64478.8,0.035803
2026-07-26 12:57:00+00:00,64478.8,64478.8,64474.6,64474.7,1.678916
2026-07-26 12:58:00+00:00,64474.7,64474.7,64468.8,64468.8,0.687201
2026-07-26 12:59:00+00:00,64468.8,64468.9,64465.8,64465.8,0.328319
2026-07-26 13:00:00+00:00,64465.8,64465.9,64465.4,64465.5,0.125411
2026-07-26 13:01:00+00:00,64465.5,64472.9,64465.4,64466.8,2.398504
2026-07-26 13:02:00+00:00,64466.8,64466.8,64437.7,64437.7,1.398347
2026-07-26 13:03:00+00:00,64437.7,64437.8,64428.2,64431.7,1.810354
2026-07-26 13:04:00+00:00,64431.7,64431.7,64421.2,64421.3,0.572066
2026-07-26 13:05:00+00:00,64421.3,64427.9,64421.2,64427.8,0.558692
2026-07-26 13:06:00+00:00,64427.8,64427.9,64423.3,64423.3,0.347105
2026-07-26 13:07:00+00:00,64423.3,64434.6,64414.1,64434.6,4.348092
2026-07-26 13:08:00+00:00,64434.6,64436.0,64419.2,64419.3,1.693372
2026-07-26 13:09:00+00:00,64419.3,64419.3,64416.8,64416.9,0.536097
2026-07-26 13:10:00+00:00,64416.9,64417.1,64407.4,64417.0,2.14945
2026-07-26 13:11:00+00:00,64417.0,64420.2,64417.0,64420.1,0.679215
2026-07-26 13:12:00+00:00,64420.1,64427.7,64420.1,64427.6,0.616914
2026-07-26 13:13:00+00:00,64427.6,64427.7,64419.8,64419.8,1.605878
2026-07-26 13:14:00+00:00,64419.8,64419.9,64419.8,64419.9,0.224073
2026-07-26 13:15:00+00:00,64419.9,64441.4,64419.8,64441.4,3.622055
2026-07-26 13:16:00+00:00,64441.4,64461.4,64441.4,64461.4,3.058051
2026-07-26 13:17:00+00:00,64461.4,64465.4,64461.3,64464.2,0.584032
2026-07-26 13:18:00+00:00,64464.2,64464.2,64464.1,64464.2,0.089451
2026-07-26 13:19:00+00:00,64464.2,64468.6,64464.1,64468.6,1.628446
2026-07-26 13:20:00+00:00,64468.6,64516.6,64468.6,64516.6,6.037345
2026-07-26 13:21:00+00:00,64516.6,64516.7,64509.3,64509.4,2.310574
2026-07-26 13:22:00+00:00,64509.4,64509.4,64503.7,64503.7,1.332653
2026-07-26 13:23:00+00:00,64503.7,64503.8,64503.7,64503.8,0.185401
2026-07-26 13:24:00+00:00,64503.8,64503.8,64496.6,64496.7,0.628469
2026-07-26 13:25:00+00:00,64496.7,64496.7,64489.6,64489.6,0.896182
2026-07-26 13:26:00+00:00,64489.6,64497.5,64489.6,64493.5,1.958748
2026-07-26 13:27:00+00:00,64493.5,64493.6,64468.4,64468.4,1.68273
2026-07-26 13:28:00+00:00,64468.4,64480.9,64466.0,64466.0,4.181023
2026-07-26 13:29:00+00:00,64466.0,64471.6,64466.0,64471.5,2.262995
2026-07-26 13:30:00+00:00,64471.5,64471.6,64463.7,64463.7,1.102713
2026-07-26 13:31:00+00:00,64463.7,64463.7,64456.1,64456.1,0.538528
2026-07-26 13:32:00+00:00,64456.1,64469.1,64456.1,64469.1,1.395906
2026-07-26 13:33:00+00:00,64469.1,64489.8,64469.1,64472.5,5.96456
2026-07-26 13:34:00+00:00,64472.5,64472.6,64472.5,64472.5,0.062257
2026-07-26 13:35:00+00:00,64472.5,64472.6,64472.5,64472.5,0.030461
2026-07-26 13:36:00+00:00,64472.5,64489.3,64472.5,64489.2,0.860323
2026-07-26 13:37:00+00:00,64489.2,64500.5,64489.2,64491.5,1.743962
2026-07-26 13:38:00+00:00,64491.5,64491.6,64490.2,64490.3,0.131671
2026-07-26 13:39:00+00:00,64490.3,64490.3,64485.7,64485.7,0.601891
2026-07-26 13:40:00+00:00,64485.7,64511.6,64485.7,64511.5,1.753755
2026-07-26 13:41:00+00:00,64511.5,64544.6,64511.5,64544.6,3.472192
2026-07-26 13:42:00+00:00,64544.6,64547.8,64544.6,64544.9,2.554359
2026-07-26 13:43:00+00:00,64544.9,64545.0,64544.9,64544.9,0.053619
2026-07-26 13:44:00+00:00,64544.9,64559.5,64544.9,64559.5,2.260494
2026-07-26 13:45:00+00:00,64559.5,64572.8,64559.5,64567.7,2.61293
2026-07-26 13:46:00+00:00,64567.7,64567.7,64540.5,64548.3,2.894021
2026-07-26 13:47:00+00:00,64548.3,64548.4,64548.3,64548.3,0.275986
2026-07-26 13:48:00+00:00,64548.3,64548.4,64541.7,64541.7,1.042091
2026-07-26 13:49:00+00:00,64541.7,64541.8,64538.6,64538.6,0.233398
2026-07-26 13:50:00+00:00,64538.6,64538.6,64537.3,64537.3,0.061138
2026-07-26 13:51:00+00:00,64537.3,64537.4,64520.4,64526.4,2.672916
2026-07-26 13:52:00+00:00,64526.4,64526.4,64526.3,64526.3,0.323912
2026-07-26 13:53:00+00:00,64526.3,64530.7,64526.3,64530.6,0.607108
2026-07-26 13:54:00+00:00,64530.6,64530.6,64521.5,64521.5,0.60329
2026-07-26 13:55:00+00:00,64521.5,64521.6,64514.7,64514.8,2.567314
2026-07-26 13:56:00+00:00,64514.8,64516.1,64514.7,64516.1,0.939333
2026-07-26 13:57:00+00:00,64516.1,64518.1,64512.1,64512.1,1.094416
2026-07-26 13:58:00+00:00,64512.1,64513.0,64512.1,64513.0,0.468719
2026-07-26 13:59:00+00:00,64513.0,64519.2,64513.0,64519.2,0.740683
2026-07-26 14:00:00+00:00,64519.2,64528.4,64519.1,64528.3,1.050224
2026-07-26 14:01:00+00:00,64528.3,64538.3,64528.3,64538.3,1.682791
2026-07-26 14:02:00+00:00,64538.3,64552.5,64538.3,64552.4,1.128004
2026-07-26 14:03:00+00:00,64552.4,64560.2,64552.4,64558.5,3.698525
2026-07-26 14:04:00+00:00,64558.5,64614.9,64558.5,64614.9,3.337175
2026-07-26 14:05:00+00:00,64614.9,64738.7,64604.5,64671.9,36.759693
2026-07-26 14:06:00+00:00,64671.9,64691.8,64627.6,64630.3,5.530258
2026-07-26 14:07:00+00:00,64630.3,64771.2,64630.3,64739.9,16.815161
2026-07-26 14:08:00+00:00,64739.9,64771.2,64713.9,64719.1,12.359678
2026-07-26 14:09:00+00:00,64719.1,64735.0,64684.7,64684.7,10.653648
2026-07-26 14:10:00+00:00,64684.7,64715.7,64684.7,64713.1,2.666432
2026-07-26 14:11:00+00:00,64713.1,64713.1,64653.6,64661.8,6.934523
2026-07-26 14:12:00+00:00,64661.8,64689.3,64661.8,64689.2,3.305405
2026-07-26 14:13:00+00:00,64689.2,64704.5,64683.7,64683.7,6.168099
2026-07-26 14:14:00+00:00,64683.7,64716.4,64683.7,64708.6,3.870655
2026-07-26 14:15:00+00:00,64708.6,64708.6,64670.0,64676.1,2.537529
2026-07-26 14:16:00+00:00,64676.1,64676.8,64668.7,64668.7,0.3253
2026-07-26 14:17:00+00:00,64668.7,64674.6,64661.8,64674.5,2.418183
2026-07-26 14:18:00+00:00,64674.5,64688.0,64673.2,64688.0,1.237021
2026-07-26 14:19:00+00:00,64688.0,64688.1,64661.8,64667.7,2.553123
2026-07-26 14:20:00+00:00,64667.7,64667.7,64657.0,64657.0,3.58991
2026-07-26 14:21:00+00:00,64657.0,64670.0,64655.7,64670.0,2.365161
2026-07-26 14:22:00+00:00,64670.0,64670.0,64657.0,64668.9,1.496151
2026-07-26 14:23:00+00:00,64668.9,64668.9,64668.8,64668.9,0.033747
2026-07-26 14:24:00+00:00,64668.9,64670.4,64652.5,64652.5,2.633847
2026-07-26 14:25:00+00:00,64652.5,64659.3,64652.2,64659.3,1.373417
2026-07-26 14:26:00+00:00,64659.3,64659.3,64653.2,64654.5,0.393638
2026-07-26 14:27:00+00:00,64654.5,64654.6,64633.5,64646.5,2.909782
2026-07-26 14:28:00+00:00,64646.5,64648.2,64643.8,64643.8,0.575176
2026-07-26 14:29:00+00:00,64643.8,64647.5,64623.2,64638.1,3.039484
2026-07-26 14:30:00+00:00,64638.1,64639.8,64625.2,64639.7,2.277132
2026-07-26 14:31:00+00:00,64639.7,64674.0,64639.7,64670.2,3.821647
2026-07-26 14:32:00+00:00,64670.2,64694.8,64670.1,64683.4,2.444624
2026-07-26 14:33:00+00:00,64683.4,64683.5,64665.5,64665.5,12.36988
2026-07-26 14:34:00+00:00,64665.5,64665.5,64656.4,64656.5,1.101357
2026-07-26 14:35:00+00:00,64656.5,64662.4,64648.1,64653.8,2.717722
2026-07-26 14:36:00+00:00,64653.8,64657.7,64650.5,64650.5,0.70855
2026-07-26 14:37:00+00:00,64650.5,64667.6,64650.5,64667.5,1.59151
2026-07-26 14:38:00+00:00,64667.5,64689.9,64667.5,64684.0,3.253158
2026-07-26 14:39:00+00:00,64684.0,64684.1,64665.1,64665.1,1.050597
2026-07-26 14:40:00+00:00,64665.1,64668.3,64662.2,64668.3,2.570551
2026-07-26 14:41:00+00:00,64668.3,64715.3,64668.3,64711.4,7.457099
2026-07-26 14:42:00+00:00,64711.4,64733.9,64699.0,64699.1,4.68373
2026-07-26 14:43:00+00:00,64699.1,64699.1,64689.6,64689.7,0.638251
2026-07-26 14:44:00+00:00,64689.7,64697.2,64689.6,64691.8,1.809473
2026-07-26 14:45:00+00:00,64691.8,64737.4,64691.8,64711.0,4.871618
2026-07-26 14:46:00+00:00,64711.0,64747.0,64710.5,64747.0,3.325739
2026-07-26 14:47:00+00:00,64747.0,64768.9,64740.1,64745.4,8.478252
2026-07-26 14:48:00+00:00,64745.4,64758.1,64737.7,64737.7,2.113863
2026-07-26 14:49:00+00:00,64737.7,64737.7,64695.5,64695.6,2.845951
2026-07-26 14:50:00+00:00,64695.6,64702.8,64695.6,64697.8,2.413192
2026-07-26 14:51:00+00:00,64697.8,64700.8,64697.7,64698.7,1.90877
2026-07-26 14:52:00+00:00,64698.7,64708.5,64698.7,64708.5,1.96314
2026-07-26 14:53:00+00:00,64708.5,64709.3,64703.9,64706.8,1.045425
2026-07-26 14:54:00+00:00,64706.8,64706.8,64706.6,64706.7,1.522188
2026-07-26 14:55:00+00:00,64706.7,64706.7,64706.6,64706.6,0.103433
2026-07-26 14:56:00+00:00,64706.6,64708.1,64706.6,64708.1,1.048144
2026-07-26 14:57:00+00:00,64708.1,64708.1,64693.4,64693.5,2.158501
2026-07-26 14:58:00+00:00,64693.5,64715.7,64685.1,64715.7,5.327731
2026-07-26 14:59:00+00:00,64715.7,64717.6,64713.8,64717.6,1.331526
2026-07-26 15:00:00+00:00,64717.6,64726.7,64703.2,64705.8,3.376958
2026-07-26 15:01:00+00:00,64705.8,64725.3,64705.8,64725.3,2.44015
2026-07-26 15:02:00+00:00,64725.3,64783.0,64705.3,64705.3,9.381257
2026-07-26 15:03:00+00:00,64705.3,64705.3,64698.4,64698.4,2.286287
2026-07-26 15:04:00+00:00,64698.4,64720.6,64698.4,64720.5,1.400115
2026-07-26 15:05:00+00:00,64720.5,64720.6,64695.9,64696.9,4.820227
2026-07-26 15:06:00+00:00,64696.9,64758.0,64681.1,64719.9,9.96468
2026-07-26 15:07:00+00:00,64719.9,64726.6,64719.9,64723.8,1.049824
2026-07-26 15:08:00+00:00,64723.8,64723.8,64689.0,64689.0,1.50085
2026-07-26 15:09:00+00:00,64689.0,64689.6,64685.0,64689.5,1.223793
2026-07-26 15:10:00+00:00,64689.5,64694.6,64689.5,64690.0,1.048881
2026-07-26 15:11:00+00:00,64690.0,64690.0,64676.0,64681.6,4.68289
2026-07-26 15:12:00+00:00,64681.6,64687.2,64680.9,64680.9,1.272074
2026-07-26 15:13:00+00:00,64680.9,64681.0,64676.7,64676.7,0.610387
2026-07-26 15:14:00+00:00,64676.7,64676.7,64675.4,64675.4,0.153445
2026-07-26 15:15:00+00:00,64675.4,64730.3,64675.4,64726.8,7.479173
2026-07-26 15:16:00+00:00,64726.8,64763.3,64726.3,64763.2,3.107426
2026-07-26 15:17:00+00:00,64763.2,64769.9,64747.3,64756.0,4.513475
2026-07-26 15:18:00+00:00,64756.0,64767.7,64753.4,64757.4,2.158471
2026-07-26 15:19:00+00:00,64757.4,64785.0,64757.4,64759.5,3.992096
2026-07-26 15:20:00+00:00,64759.5,64784.6,64758.7,64779.1,3.6723
2026-07-26 15:21:00+00:00,64779.1,64779.2,64766.1,64773.9,3.422011
2026-07-26 15:22:00+00:00,64773.9,64780.6,64773.9,64774.1,1.527201
2026-07-26 15:23:00+00:00,64774.1,64774.1,64765.5,64765.5,0.840285
2026-07-26 15:24:00+00:00,64765.5,64765.5,64761.5,64764.0,0.889264
2026-07-26 15:25:00+00:00,64764.0,64764.1,64762.8,64762.9,0.801348
2026-07-26 15:26:00+00:00,64762.9,64762.9,64756.9,64762.8,2.001147
2026-07-26 15:27:00+00:00,64762.8,64771.3,64762.8,64771.2,1.495345
2026-07-26 15:28:00+00:00,64771.2,64771.2,64753.0,64753.0,2.094413
2026-07-26 15:29:00+00:00,64753.0,64758.3,64753.0,64758.3,1.036319
2026-07-26 15:30:00+00:00,64758.3,64767.8,64744.6,64744.6,2.283048
2026-07-26 15:31:00+00:00,64744.6,64748.2,64743.7,64748.1,1.744502
2026-07-26 15:32:00+00:00,64748.1,64748.2,64744.9,64744.9,0.821155
2026-07-26 15:33:00+00:00,64744.9,64746.4,64732.9,64734.2,2.302967
2026-07-26 15:34:00+00:00,64734.2,64747.4,64734.2,64745.7,2.503783
2026-07-26 15:35:00+00:00,64745.7,64767.5,64745.7,64767.4,1.588854
2026-07-26 15:36:00+00:00,64767.4,64826.6,64767.4,64814.4,12.704116
2026-07-26 15:37:00+00:00,64814.4,64825.7,64814.3,64819.1,5.019718
2026-07-26 15:38:00+00:00,64819.1,64819.1,64805.4,64811.7,5.511455
2026-07-26 15:39:00+00:00,64811.7,64811.8,64797.9,64801.8,1.263901
2026-07-26 15:40:00+00:00,64801.8,64810.5,64801.8,64807.4,3.511365
2026-07-26 15:41:00+00:00,64807.4,64812.6,64795.1,64797.5,3.786249
2026-07-26 15:42:00+00:00,64797.5,64799.9,64786.1,64799.8,1.295229
2026-07-26 15:43:00+00:00,64799.8,64799.9,64799.8,64799.9,0.235086
2026-07-26 15:44:00+00:00,64799.9,64807.5,64799.8,64805.8,1.239783
2026-07-26 15:45:00+00:00,64805.8,64805.8,64776.4,64780.0,8.108639
2026-07-26 15:46:00+00:00,64780.0,64799.7,64777.5,64777.5,3.457575
2026-07-26 15:47:00+00:00,64777.5,64777.6,64772.4,64775.1,1.572053
2026-07-26 15:48:00+00:00,64775.1,64775.1,64763.1,64768.8,3.992306
2026-07-26 15:49:00+00:00,64768.8,64773.3,64764.8,64769.0,2.191623
2026-07-26 15:50:00+00:00,64769.0,64782.8,64769.0,64782.7,1.660331
2026-07-26 15:51:00+00:00,64782.7,64782.8,64762.7,64762.7,3.081512
2026-07-26 15:52:00+00:00,64762.7,64762.8,64762.7,64762.8,0.879169
2026-07-26 15:53:00+00:00,64762.8,64762.8,64744.7,64744.7,1.470903
2026-07-26 15:54:00+00:00,64744.7,64766.8,64741.9,64766.8,4.185262
2026-07-26 15:55:00+00:00,64766.8,64780.6,64766.8,64780.6,0.730337
2026-07-26 15:56:00+00:00,64780.6,64787.5,64772.6,64773.9,1.351595
2026-07-26 15:57:00+00:00,64773.9,64782.9,64770.8,64770.9,1.087179
2026-07-26 15:58:00+00:00,64770.9,64776.8,64762.4,64776.8,2.842815
2026-07-26 15:59:00+00:00,64776.8,64776.8,64768.1,64768.1,0.471276
2026-07-26 16:00:00+00:00,64768.1,64787.0,64768.1,64781.8,3.734879
2026-07-26 16:01:00+00:00,64781.8,64794.4,64778.3,64792.3,2.731235
2026-07-26 16:02:00+00:00,64792.3,64797.6,64784.3,64784.3,3.56384
2026-07-26 16:03:00+00:00,64784.3,64784.4,64735.9,64735.9,3.055694
2026-07-26 16:04:00+00:00,64735.9,64736.0,64735.1,64735.1,0.253839
2026-07-26 16:05:00+00:00,64735.1,64735.2,64722.3,64722.3,0.580755
2026-07-26 16:06:00+00:00,64722.3,64722.3,64720.7,64720.7,1.344874
2026-07-26 16:07:00+00:00,64720.7,64722.8,64713.3,64717.8,2.28727
2026-07-26 16:08:00+00:00,64717.8,64721.3,64717.8,64719.9,1.03497
2026-07-26 16:09:00+00:00,64719.9,64719.9,64701.1,64701.2,0.983436
2026-07-26 16:10:00+00:00,64701.2,64717.8,64701.1,64706.2,5.858318
2026-07-26 16:11:00+00:00,64706.2,64730.7,64706.2,64711.0,9.069322
2026-07-26 16:12:00+00:00,64711.0,64722.7,64711.0,64716.8,1.116653
2026-07-26 16:13:00+00:00,64716.8,64716.8,64706.3,64706.4,2.689555
2026-07-26 16:14:00+00:00,64706.4,64718.3,64706.3,64718.2,2.111234
2026-07-26 16:15:00+00:00,64718.2,64739.9,64718.1,64739.8,4.479073
2026-07-26 16:16:00+00:00,64739.8,64767.0,64737.8,64766.9,2.253082
2026-07-26 16:17:00+00:00,64766.9,64786.4,64766.9,64786.3,1.533282
2026-07-26 16:18:00+00:00,64786.3,64786.4,64776.0,64776.0,1.727786
2026-07-26 16:19:00+00:00,64776.0,64776.0,64742.3,64742.3,3.502018
2026-07-26 16:20:00+00:00,64742.3,64755.3,64742.3,64755.2,1.747087
2026-07-26 16:21:00+00:00,64755.2,64755.3,64755.2,64755.2,0.070318
2026-07-26 16:22:00+00:00,64755.2,64777.4,64755.2,64777.3,2.563395
2026-07-26 16:23:00+00:00,64777.3,64777.4,64758.5,64758.5,1.379423
2026-07-26 16:24:00+00:00,64758.5,64758.6,64747.5,64755.4,1.107408
2026-07-26 16:25:00+00:00,64755.4,64758.6,64755.4,64758.5,0.222736
2026-07-26 16:26:00+00:00,64758.5,64772.7,64758.5,64772.6,0.9608
2026-07-26 16:27:00+00:00,64772.6,64779.5,64772.6,64779.5,0.389475
2026-07-26 16:28:00+00:00,64779.5,64811.9,64777.0,64785.6,9.824204
2026-07-26 16:29:00+00:00,64785.6,64804.0,64773.9,64801.6,8.261889
2026-07-26 16:30:00+00:00,64801.6,64815.7,64800.3,64809.4,4.134966
2026-07-26 16:31:00+00:00,64809.4,64882.0,64803.2,64860.3,21.447517
2026-07-26 16:32:00+00:00,64860.3,64928.0,64852.1,64917.1,14.601294
2026-07-26 16:33:00+00:00,64917.1,64934.9,64873.4,64875.5,7.497929
2026-07-26 16:34:00+00:00,64875.5,64877.0,64855.1,64856.7,4.020058
2026-07-26 16:35:00+00:00,64856.7,64889.3,64856.6,64863.7,3.417578
2026-07-26 16:36:00+00:00,64863.7,64869.6,64840.4,64840.4,10.977042
2026-07-26 16:37:00+00:00,64840.4,64840.4,64820.0,64830.9,1.989941
2026-07-26 16:38:00+00:00,64830.9,64832.3,64820.3,64827.3,2.765364
2026-07-26 16:39:00+00:00,64827.3,64833.0,64820.0,64820.0,3.05592
2026-07-26 16:40:00+00:00,64820.0,64833.7,64818.7,64827.3,1.86639
2026-07-26 16:41:00+00:00,64827.3,64836.8,64827.3,64836.8,0.487324
2026-07-26 16:42:00+00:00,64836.8,64842.2,64833.2,64842.2,1.749789
2026-07-26 16:43:00+00:00,64842.2,64848.0,64835.0,64835.0,2.84692
2026-07-26 16:44:00+00:00,64835.0,64835.1,64803.2,64831.6,8.0152
2026-07-26 16:45:00+00:00,64831.6,64831.6,64810.9,64810.9,0.989481
2026-07-26 16:46:00+00:00,64810.9,64816.5,64809.6,64816.4,1.819821
2026-07-26 16:47:00+00:00,64816.4,64828.2,64816.4,64828.2,1.08748
2026-07-26 16:48:00+00:00,64828.2,64837.7,64828.2,64835.9,1.62977
2026-07-26 16:49:00+00:00,64835.9,64838.9,64807.1,64824.3,18.936888
2026-07-26 16:50:00+00:00,64824.3,64824.4,64789.8,64789.8,1.821405
2026-07-26 16:51:00+00:00,64789.8,64792.5,64776.3,64788.6,3.402555
2026-07-26 16:52:00+00:00,64788.6,64788.7,64774.9,64779.6,1.924358
2026-07-26 16:53:00+00:00,64779.6,64779.7,64762.0,64769.5,3.430549
2026-07-26 16:54:00+00:00,64769.5,64769.5,64748.8,64748.9,5.427112
2026-07-26 16:55:00+00:00,64748.9,64761.3,64748.9,64753.8,1.998675
2026-07-26 16:56:00+00:00,64753.8,64755.2,64750.8,64755.1,1.200542
2026-07-26 16:57:00+00:00,64755.1,64755.1,64739.5,64741.5,2.139788
2026-07-26 16:58:00+00:00,64741.5,64743.6,64741.5,64743.5,0.187612
2026-07-26 16:59:00+00:00,64743.5,64743.6,64727.1,64727.2,1.249943
2026-07-26 17:00:00+00:00,64727.2,64727.2,64707.1,64707.1,1.097522
2026-07-26 17:01:00+00:00,64707.1,64707.1,64681.0,64681.0,2.69624
2026-07-26 17:02:00+00:00,64681.0,64714.1,64670.6,64714.0,5.280105
2026-07-26 17:03:00+00:00,64714.0,64723.8,64712.7,64721.8,1.438959
2026-07-26 17:04:00+00:00,64721.8,64721.8,64709.0,64709.0,1.277808
2026-07-26 17:05:00+00:00,64709.0,64730.0,64701.1,64729.9,6.01315
2026-07-26 17:06:00+00:00,64729.9,64756.6,64729.9,64751.7,2.585869
2026-07-26 17:07:00+00:00,64751.7,64751.7,64678.4,64678.4,9.159099
2026-07-26 17:08:00+00:00,64678.4,64701.5,64678.4,64701.5,2.821283
2026-07-26 17:09:00+00:00,64701.5,64713.4,64701.5,64713.4,2.136593
2026-07-26 17:10:00+00:00,64713.4,64716.0,64713.4,64716.0,0.377563
2026-07-26 17:11:00+00:00,64716.0,64716.0,64703.9,64709.5,2.280567
2026-07-26 17:12:00+00:00,64709.5,64750.3,64709.5,64746.3,5.683826
2026-07-26 17:13:00+00:00,64746.3,64763.7,64746.2,64755.0,2.957772
2026-07-26 17:14:00+00:00,64755.0,64779.1,64752.1,64779.0,4.034197
2026-07-26 17:15:00+00:00,64779.0,64793.3,64779.0,64793.2,1.334153
2026-07-26 17:16:00+00:00,64793.2,64795.5,64775.3,64778.9,6.727125
2026-07-26 17:17:00+00:00,64778.9,64797.9,64772.8,64772.9,3.132235
2026-07-26 17:18:00+00:00,64772.9,64772.9,64765.5,64768.6,2.39693
2026-07-26 17:19:00+00:00,64768.6,64768.7,64755.6,64755.6,2.566978
2026-07-26 17:20:00+00:00,64755.6,64755.7,64734.8,64734.8,0.655153
2026-07-26 17:21:00+00:00,64734.8,64751.7,64734.8,64751.7,1.697727
2026-07-26 17:22:00+00:00,64751.7,64751.7,64743.1,64743.1,0.658274
2026-07-26 17:23:00+00:00,64743.1,64743.1,64723.1,64724.0,2.575076
2026-07-26 17:24:00+00:00,64724.0,64727.9,64724.0,64727.8,0.963294
2026-07-26 17:25:00+00:00,64727.8,64734.7,64723.9,64734.6,2.283959
2026-07-26 17:26:00+00:00,64734.6,64734.7,64717.3,64717.3,1.016741
2026-07-26 17:27:00+00:00,64717.3,64722.9,64717.3,64722.9,1.469541
2026-07-26 17:28:00+00:00,64722.9,64723.1,64718.4,64719.4,3.171107
2026-07-26 17:29:00+00:00,64719.4,64719.4,64718.9,64718.9,0.052618
2026-07-26 17:30:00+00:00,64718.9,64719.0,64718.9,64718.9,0.137653
2026-07-26 17:31:00+00:00,64718.9,64736.8,64718.9,64729.3,4.747653
2026-07-26 17:32:00+00:00,64729.3,64755.2,64729.3,64755.2,2.593502
2026-07-26 17:33:00+00:00,64755.2,64755.2,64749.2,64749.2,0.927488
2026-07-26 17:34:00+00:00,64749.2,64749.3,64749.2,64749.2,0.323174
2026-07-26 17:35:00+00:00,64749.2,64749.3,64749.2,64749.2,0.603505
2026-07-26 17:36:00+00:00,64749.2,64749.3,64706.9,64706.9,2.435725
2026-07-26 17:37:00+00:00,64706.9,64706.9,64701.4,64701.4,1.112058
2026-07-26 17:38:00+00:00,64701.4,64701.4,64697.4,64697.4,0.170171
2026-07-26 17:39:00+00:00,64697.4,64697.4,64678.6,64678.7,0.594237
2026-07-26 17:40:00+00:00,64678.7,64678.7,64670.2,64670.3,0.095195
2026-07-26 17:41:00+00:00,64670.3,64678.7,64670.2,64676.0,1.553884
2026-07-26 17:42:00+00:00,64676.0,64681.0,64674.7,64680.9,1.123031
2026-07-26 17:43:00+00:00,64680.9,64683.8,64680.9,64683.8,0.435144
2026-07-26 17:44:00+00:00,64683.8,64686.8,64683.8,64686.8,0.903931
2026-07-26 17:45:00+00:00,64686.8,64695.1,64685.8,64695.1,2.654485
2026-07-26 17:46:00+00:00,64695.1,64696.4,64695.1,64696.4,0.1053
2026-07-26 17:47:00+00:00,64696.4,64696.4,64687.5,64687.5,1.489187
2026-07-26 17:48:00+00:00,64687.5,64687.8,64684.1,64684.2,0.69347
2026-07-26 17:49:00+00:00,64684.2,64694.5,64681.6,64687.9,3.57747
2026-07-26 17:50:00+00:00,64687.9,64693.5,64684.6,64693.4,2.042409
2026-07-26 17:51:00+00:00,64693.4,64700.4,64693.4,64700.4,0.501457
2026-07-26 17:52:00+00:00,64700.4,64701.3,64700.4,64701.2,0.023151
2026-07-26 17:53:00+00:00,64701.2,64703.8,64701.2,64703.8,0.20225
2026-07-26 17:54:00+00:00,64703.8,64711.1,64703.8,64705.0,1.446934
2026-07-26 17:55:00+00:00,64705.0,64705.0,64687.6,64687.6,0.996978
2026-07-26 17:56:00+00:00,64687.6,64687.6,64674.7,64674.7,0.637445
2026-07-26 17:57:00+00:00,64674.7,64680.8,64672.4,64680.7,1.069161
2026-07-26 17:58:00+00:00,64680.7,64680.8,64680.7,64680.7,0.014272
2026-07-26 17:59:00+00:00,64680.7,64693.1,64680.7,64693.1,2.911304
2026-07-26 18:00:00+00:00,64693.1,64693.1,64677.7,64677.7,2.165364
2026-07-26 18:01:00+00:00,64677.7,64690.7,64677.7,64690.6,1.633321
2026-07-26 18:02:00+00:00,64690.6,64690.7,64682.1,64682.1,1.107681
2026-07-26 18:03:00+00:00,64682.1,64685.3,64682.1,64685.2,0.616876
2026-07-26 18:04:00+00:00,64685.2,64686.6,64685.2,64686.6,0.236685
2026-07-26 18:05:00+00:00,64686.6,64686.6,64679.1,64681.7,3.546162
2026-07-26 18:06:00+00:00,64681.7,64681.8,64680.8,64680.8,0.578177
2026-07-26 18:07:00+00:00,64680.8,64680.9,64680.8,64680.8,1.078832
2026-07-26 18:08:00+00:00,64680.8,64699.1,64680.8,64695.8,2.645758
2026-07-26 18:09:00+00:00,64695.8,64695.9,64693.3,64693.3,0.38605
2026-07-26 18:10:00+00:00,64693.3,64694.7,64693.3,64694.6,0.245666
2026-07-26 18:11:00+00:00,64694.6,64708.5,64694.6,64708.4,1.133412
2026-07-26 18:12:00+00:00,64708.4,64708.4,64705.3,64705.3,1.262484
2026-07-26 18:13:00+00:00,64705.3,64705.4,64705.3,64705.3,0.145436
2026-07-26 18:14:00+00:00,64705.3,64705.4,64685.4,64685.4,1.322423
2026-07-26 18:15:00+00:00,64685.4,64685.4,64675.2,64675.2,0.442895
2026-07-26 18:16:00+00:00,64675.2,64680.0,64675.2,64680.0,0.565096
2026-07-26 18:17:00+00:00,64680.0,64680.0,64678.6,64678.7,0.336355
2026-07-26 18:18:00+00:00,64678.7,64678.7,64675.5,64675.5,0.106237
2026-07-26 18:19:00+00:00,64675.5,64675.6,64668.0,64673.2,1.147545
2026-07-26 18:20:00+00:00,64673.2,64673.3,64673.2,64673.3,0.032657
2026-07-26 18:21:00+00:00,64673.3,64689.4,64673.3,64689.4,1.632812
2026-07-26 18:22:00+00:00,64689.4,64704.5,64689.4,64704.4,0.75155
2026-07-26 18:23:00+00:00,64704.4,64704.5,64696.3,64696.4,0.620233
2026-07-26 18:24:00+00:00,64696.4,64696.4,64690.4,64690.4,0.689951
2026-07-26 18:25:00+00:00,64690.4,64690.5,64673.8,64673.8,1.094476
2026-07-26 18:26:00+00:00,64673.8,64678.6,64673.7,64678.6,0.79049
2026-07-26 18:27:00+00:00,64678.6,64695.4,64678.6,64694.0,1.336506
2026-07-26 18:28:00+00:00,64694.0,64694.0,64690.4,64690.5,0.209511
2026-07-26 18:29:00+00:00,64690.5,64690.5,64690.4,64690.4,0.008252
2026-07-26 18:30:00+00:00,64690.4,64693.1,64690.4,64693.1,0.383413
2026-07-26 18:31:00+00:00,64693.1,64700.1,64693.0,64700.1,0.45318
2026-07-26 18:32:00+00:00,64700.1,64700.2,64700.1,64700.2,0.401603
2026-07-26 18:33:00+00:00,64700.2,64700.2,64700.1,64700.1,0.02641
2026-07-26 18:34:00+00:00,64700.1,64700.2,64700.1,64700.1,0.085151
2026-07-26 18:35:00+00:00,64700.1,64702.2,64700.1,64700.6,0.847758
2026-07-26 18:36:00+00:00,64700.6,64700.6,64680.3,64680.4,1.429615
2026-07-26 18:37:00+00:00,64680.4,64701.9,64680.3,64700.6,1.961112
2026-07-26 18:38:00+00:00,64700.6,64709.6,64700.6,64709.5,0.811133
2026-07-26 18:39:00+00:00,64709.5,64725.5,64709.5,64725.5,1.047166
2026-07-26 18:40:00+00:00,64725.5,64725.6,64708.4,64708.5,2.754791
2026-07-26 18:41:00+00:00,64708.5,64708.5,64708.4,64708.4,0.114573
2026-07-26 18:42:00+00:00,64708.4,64708.5,64704.6,64704.7,2.5634
2026-07-26 18:43:00+00:00,64704.7,64706.0,64704.6,64705.9,0.935379
2026-07-26 18:44:00+00:00,64705.9,64706.0,64705.9,64706.0,0.015969
2026-07-26 18:45:00+00:00,64706.0,64708.8,64705.9,64708.8,0.678428
2026-07-26 18:46:00+00:00,64708.8,64716.5,64708.8,64716.5,0.435027
2026-07-26 18:47:00+00:00,64716.5,64717.9,64716.4,64717.9,0.725353
2026-07-26 18:48:00+00:00,64717.9,64718.9,64717.9,64718.8,0.006301
2026-07-26 18:49:00+00:00,64718.8,64718.9,64718.8,64718.9,0.12602
2026-07-26 18:50:00+00:00,64718.9,64723.0,64718.8,64722.9,0.08309
2026-07-26 18:51:00+00:00,64722.9,64726.7,64722.9,64726.7,0.357905
2026-07-26 18:52:00+00:00,64726.7,64775.5,64726.6,64760.7,6.84373
2026-07-26 18:53:00+00:00,64760.7,64766.7,64756.6,64760.6,1.484424
2026-07-26 18:54:00+00:00,64760.6,64760.6,64747.7,64747.7,1.36712
2026-07-26 18:55:00+00:00,64747.7,64747.7,64740.6,64740.6,0.973452
2026-07-26 18:56:00+00:00,64740.6,64743.8,64735.6,64735.6,1.676439
2026-07-26 18:57:00+00:00,64735.6,64738.5,64735.6,64735.7,0.847672
2026-07-26 18:58:00+00:00,64735.7,64738.5,64735.7,64738.4,0.829114
2026-07-26 18:59:00+00:00,64738.4,64738.5,64738.4,64738.4,0.020107
2026-07-26 19:00:00+00:00,64738.4,64738.5,64738.4,64738.5,0.001853
2026-07-26 19:01:00+00:00,64738.5,64748.6,64738.5,64748.6,0.972639
2026-07-26 19:02:00+00:00,64748.6,64748.6,64722.3,64722.4,2.307104
2026-07-26 19:03:00+00:00,64722.4,64735.3,64722.3,64735.3,1.840542
2026-07-26 19:04:00+00:00,64735.3,64735.3,64733.9,64734.0,0.379423
2026-07-26 19:05:00+00:00,64734.0,64734.0,64731.3,64731.4,0.668722
2026-07-26 19:06:00+00:00,64731.4,64731.4,64723.1,64723.1,0.443821
2026-07-26 19:07:00+00:00,64723.1,64723.2,64721.9,64721.9,0.130366
2026-07-26 19:08:00+00:00,64721.9,64722.0,64707.7,64707.7,0.928729
2026-07-26 19:09:00+00:00,64707.7,64707.8,64699.0,64699.0,0.971714
2026-07-26 19:10:00+00:00,64699.0,64699.0,64690.8,64690.8,0.330286
2026-07-26 19:11:00+00:00,64690.8,64690.9,64690.8,64690.8,0.053382
2026-07-26 19:12:00+00:00,64690.8,64690.9,64675.9,64675.9,1.123141
2026-07-26 19:13:00+00:00,64675.9,64676.0,64675.9,64675.9,0.244898
2026-07-26 19:14:00+00:00,64675.9,64680.2,64675.9,64680.1,2.263085
2026-07-26 19:15:00+00:00,64680.1,64685.4,64680.1,64685.3,0.54828
2026-07-26 19:16:00+00:00,64685.3,64685.4,64685.3,64685.3,0.090863
2026-07-26 19:17:00+00:00,64685.3,64685.4,64685.3,64685.3,0.010604
2026-07-26 19:18:00+00:00,64685.3,64685.4,64685.3,64685.3,0.127986
2026-07-26 19:19:00+00:00,64685.3,64696.4,64685.3,64696.4,1.449423
2026-07-26 19:20:00+00:00,64696.4,64697.8,64696.3,64697.8,0.262547
2026-07-26 19:21:00+00:00,64697.8,64701.1,64697.7,64701.0,0.323694
2026-07-26 19:22:00+00:00,64701.0,64736.1,64701.0,64727.8,5.468043
2026-07-26 19:23:00+00:00,64727.8,64727.8,64705.7,64722.0,2.687891
2026-07-26 19:24:00+00:00,64722.0,64722.0,64706.9,64709.0,1.833336
2026-07-26 19:25:00+00:00,64709.0,64710.4,64709.0,64710.4,0.226025
2026-07-26 19:26:00+00:00,64710.4,64710.4,64710.3,64710.4,0.044939
2026-07-26 19:27:00+00:00,64710.4,64710.4,64700.2,64700.2,1.537185
2026-07-26 19:28:00+00:00,64700.2,64700.2,64699.3,64699.3,0.130261
2026-07-26 19:29:00+00:00,64699.3,64724.7,64699.3,64724.7,1.827263
2026-07-26 19:30:00+00:00,64724.7,64724.7,64721.2,64721.3,0.685261
2026-07-26 19:31:00+00:00,64721.3,64734.5,64721.3,64734.5,1.199167
2026-07-26 19:32:00+00:00,64734.5,64736.9,64734.4,64736.9,0.405636
2026-07-26 19:33:00+00:00,64736.9,64756.7,64736.9,64755.4,5.567512
2026-07-26 19:34:00+00:00,64755.4,64755.4,64742.3,64742.3,1.242772
2026-07-26 19:35:00+00:00,64742.3,64742.4,64735.3,64735.3,0.444182
2026-07-26 19:36:00+00:00,64735.3,64735.4,64721.2,64729.3,3.589538
2026-07-26 19:37:00+00:00,64729.3,64729.5,64729.2,64729.4,0.145853
2026-07-26 19:38:00+00:00,64729.4,64729.5,64723.0,64723.0,0.80351
2026-07-26 19:39:00+00:00,64723.0,64723.1,64721.7,64721.8,0.335121
2026-07-26 19:40:00+00:00,64721.8,64725.9,64721.7,64725.7,0.287287
2026-07-26 19:41:00+00:00,64725.7,64729.5,64725.6,64729.5,0.264559
2026-07-26 19:42:00+00:00,64729.5,64729.6,64729.5,64729.5,0.037089
2026-07-26 19:43:00+00:00,64729.5,64729.6,64729.5,64729.5,0.021871
2026-07-26 19:44:00+00:00,64729.5,64729.6,64728.2,64728.2,1.295121
2026-07-26 19:45:00+00:00,64728.2,64728.3,64728.2,64728.2,0.065462
2026-07-26 19:46:00+00:00,64728.2,64728.3,64721.7,64721.7,0.389324
2026-07-26 19:47:00+00:00,64721.7,64721.8,64710.6,64710.7,0.585979
2026-07-26 19:48:00+00:00,64710.7,64710.7,64709.4,64709.4,0.040662
2026-07-26 19:49:00+00:00,64709.4,64709.4,64706.8,64706.9,0.040966
2026-07-26 19:50:00+00:00,64706.9,64706.9,64706.8,64706.8,0.291101
2026-07-26 19:51:00+00:00,64706.8,64706.9,64699.4,64699.5,0.373477
2026-07-26 19:52:00+00:00,64699.5,64710.6,64699.4,64710.5,1.55637
2026-07-26 19:53:00+00:00,64710.5,64710.6,64710.5,64710.5,0.05373
2026-07-26 19:54:00+00:00,64710.5,64710.6,64710.5,64710.5,0.058977
2026-07-26 19:55:00+00:00,64710.5,64710.5,64706.9,64707.0,0.627022
2026-07-26 19:56:00+00:00,64707.0,64707.0,64702.5,64702.5,0.302377
2026-07-26 19:57:00+00:00,64702.5,64702.5,64701.7,64701.8,0.020255
2026-07-26 19:58:00+00:00,64701.8,64704.8,64701.7,64704.7,1.73693
2026-07-26 19:59:00+00:00,64704.7,64704.8,64700.7,64700.7,0.84181
2026-07-26 20:00:00+00:00,64700.7,64700.8,64700.7,64700.7,0.492281
2026-07-26 20:01:00+00:00,64700.7,64706.1,64697.0,64697.0,2.757179
2026-07-26 20:02:00+00:00,64697.0,64697.1,64687.5,64693.1,0.688591
2026-07-26 20:03:00+00:00,64693.1,64693.2,64692.7,64692.7,1.275285
2026-07-26 20:04:00+00:00,64692.7,64692.8,64688.3,64688.3,0.380609
2026-07-26 20:05:00+00:00,64688.3,64702.3,64688.3,64702.2,1.855387
2026-07-26 20:06:00+00:00,64702.2,64703.6,64702.2,64703.6,0.074214
2026-07-26 20:07:00+00:00,64703.6,64705.9,64703.5,64705.8,0.278614
2026-07-26 20:08:00+00:00,64705.8,64705.9,64705.8,64705.9,0.033696
2026-07-26 20:09:00+00:00,64705.9,64705.9,64705.8,64705.9,0.11606
2026-07-26 20:10:00+00:00,64705.9,64705.9,64696.0,64696.0,3.090695
2026-07-26 20:11:00+00:00,64696.0,64696.0,64687.6,64688.6,0.546472
2026-07-26 20:12:00+00:00,64688.6,64696.0,64688.6,64695.9,0.954832
2026-07-26 20:13:00+00:00,64695.9,64696.1,64692.5,64696.1,0.81217
2026-07-26 20:14:00+00:00,64696.1,64697.5,64696.0,64697.5,0.25954
2026-07-26 20:15:00+00:00,64697.5,64699.1,64687.7,64687.7,0.737366
2026-07-26 20:16:00+00:00,64687.7,64690.4,64686.6,64686.6,1.552374
2026-07-26 20:17:00+00:00,64686.6,64686.7,64664.8,64664.9,3.517806
2026-07-26 20:18:00+00:00,64664.9,64664.9,64664.8,64664.9,0.266259
2026-07-26 20:19:00+00:00,64664.9,64664.9,64650.2,64655.6,1.921612
2026-07-26 20:20:00+00:00,64655.6,64660.3,64655.6,64660.3,1.624196
2026-07-26 20:21:00+00:00,64660.3,64662.7,64660.3,64662.6,1.228152
2026-07-26 20:22:00+00:00,64662.6,64662.7,64655.7,64655.7,0.735173
2026-07-26 20:23:00+00:00,64655.7,64655.8,64640.1,64654.3,5.528425
2026-07-26 20:24:00+00:00,64654.3,64654.4,64654.3,64654.4,0.020795
2026-07-26 20:25:00+00:00,64654.4,64654.4,64651.6,64651.6,0.638775
2026-07-26 20:26:00+00:00,64651.6,64651.7,64642.8,64642.9,0.904776
2026-07-26 20:27:00+00:00,64642.9,64642.9,64642.8,64642.8,0.182441
2026-07-26 20:28:00+00:00,64642.8,64642.9,64640.1,64640.2,0.434307
2026-07-26 20:29:00+00:00,64640.2,64653.1,64640.1,64653.1,2.099262
2026-07-26 20:30:00+00:00,64653.1,64664.0,64653.0,64664.0,0.892005
2026-07-26 20:31:00+00:00,64664.0,64674.6,64661.3,64674.5,1.154519
2026-07-26 20:32:00+00:00,64674.5,64674.6,64672.7,64672.7,1.101094
2026-07-26 20:33:00+00:00,64672.7,64672.7,64655.4,64655.5,1.212792
2026-07-26 20:34:00+00:00,64655.5,64655.5,64655.4,64655.4,0.025373
2026-07-26 20:35:00+00:00,64655.4,64655.5,64655.4,64655.4,0.035573
2026-07-26 20:36:00+00:00,64655.4,64655.5,64654.3,64654.3,0.674446
2026-07-26 20:37:00+00:00,64654.3,64654.4,64654.3,64654.3,0.018135
2026-07-26 20:38:00+00:00,64654.3,64660.5,64654.3,64660.4,1.537016
2026-07-26 20:39:00+00:00,64660.4,64660.5,64660.4,64660.4,0.01287
2026-07-26 20:40:00+00:00,64660.4,64672.0,64660.4,64671.9,0.87531
2026-07-26 20:41:00+00:00,64671.9,64671.9,64662.2,64662.3,2.114241
2026-07-26 20:42:00+00:00,64662.3,64662.3,64662.2,64662.3,0.060629
2026-07-26 20:43:00+00:00,64662.3,64665.1,64662.2,64665.1,0.291367
2026-07-26 20:44:00+00:00,64665.1,64666.2,64665.1,64666.1,0.424968
2026-07-26 20:45:00+00:00,64666.1,64666.2,64666.1,64666.1,0.081038
2026-07-26 20:46:00+00:00,64666.1,64666.2,64666.1,64666.2,0.037182
2026-07-26 20:47:00+00:00,64666.2,64666.2,64666.1,64666.2,0.036918
2026-07-26 20:48:00+00:00,64666.2,64666.2,64661.8,64661.8,1.602505
2026-07-26 20:49:00+00:00,64661.8,64661.8,64661.7,64661.8,0.17836
2026-07-26 20:50:00+00:00,64661.8,64661.8,64652.2,64652.2,0.749314
2026-07-26 20:51:00+00:00,64652.2,64652.3,64652.2,64652.2,0.074147
2026-07-26 20:52:00+00:00,64652.2,64653.6,64652.2,64653.6,1.605511
2026-07-26 20:53:00+00:00,64653.6,64653.6,64653.5,64653.6,0.432244
2026-07-26 20:54:00+00:00,64653.6,64653.6,64653.0,64653.1,1.432572
2026-07-26 20:55:00+00:00,64653.1,64653.1,64653.0,64653.1,0.138747
2026-07-26 20:56:00+00:00,64653.1,64653.1,64653.0,64653.0,0.023022
2026-07-26 20:57:00+00:00,64653.0,64653.1,64653.0,64653.1,0.012642
2026-07-26 20:58:00+00:00,64653.1,64653.1,64653.0,64653.0,0.015352
2026-07-26 20:59:00+00:00,64653.0,64653.1,64653.0,64653.0,0.026849
2026-07-26 21:00:00+00:00,64653.0,64667.5,64653.0,64667.4,1.199727
2026-07-26 21:01:00+00:00,64667.4,64672.3,64667.4,64672.2,0.275214
2026-07-26 21:02:00+00:00,64672.2,64678.7,64672.2,64678.6,0.676415
2026-07-26 21:03:00+00:00,64678.6,64690.8,64678.6,64690.8,1.166852
2026-07-26 21:04:00+00:00,64690.8,64690.8,64678.6,64678.6,1.142082
2026-07-26 21:05:00+00:00,64678.6,64678.7,64678.6,64678.6,0.604309
2026-07-26 21:06:00+00:00,64678.6,64678.7,64678.6,64678.6,0.012449
2026-07-26 21:07:00+00:00,64678.6,64678.6,64662.3,64662.3,1.282091
2026-07-26 21:08:00+00:00,64662.3,64662.4,64658.4,64658.4,0.384371
2026-07-26 21:09:00+00:00,64658.4,64664.6,64651.7,64664.6,3.547906
2026-07-26 21:10:00+00:00,64664.6,64664.7,64664.6,64664.6,0.024206
2026-07-26 21:11:00+00:00,64664.6,64665.5,64664.6,64665.2,0.596038
2026-07-26 21:12:00+00:00,64665.2,64677.6,64665.2,64677.5,0.555136
2026-07-26 21:13:00+00:00,64677.5,64722.9,64677.5,64707.9,14.897256
2026-07-26 21:14:00+00:00,64707.9,64707.9,64699.4,64699.4,0.231477
2026-07-26 21:15:00+00:00,64699.4,64700.0,64698.1,64700.0,0.564129
2026-07-26 21:16:00+00:00,64700.0,64700.0,64699.9,64700.0,0.028802
2026-07-26 21:17:00+00:00,64700.0,64704.9,64699.9,64704.9,0.341051
2026-07-26 21:18:00+00:00,64704.9,64737.0,64704.8,64737.0,2.332054
2026-07-26 21:19:00+00:00,64737.0,64740.9,64737.0,64740.8,0.444978
2026-07-26 21:20:00+00:00,64740.8,64751.2,64740.8,64751.2,0.447666
2026-07-26 21:21:00+00:00,64751.2,64777.9,64751.2,64765.4,4.007732
2026-07-26 21:22:00+00:00,64765.4,64765.4,64757.1,64757.1,0.899603
2026-07-26 21:23:00+00:00,64757.1,64765.7,64757.1,64765.7,1.143619
2026-07-26 21:24:00+00:00,64765.7,64794.3,64765.7,64794.3,1.219696
2026-07-26 21:25:00+00:00,64794.3,64860.9,64794.3,64843.9,10.914679
2026-07-26 21:26:00+00:00,64843.9,64861.2,64840.8,64845.0,4.7696
2026-07-26 21:27:00+00:00,64845.0,64848.4,64830.1,64830.2,0.970263
2026-07-26 21:28:00+00:00,64830.2,64830.2,64819.4,64824.5,2.571345
2026-07-26 21:29:00+00:00,64824.5,64824.5,64815.1,64819.3,1.303463
2026-07-26 21:30:00+00:00,64819.3,64834.8,64819.3,64834.8,1.953909
2026-07-26 21:31:00+00:00,64834.8,64842.5,64824.0,64824.1,2.058463
2026-07-26 21:32:00+00:00,64824.1,64824.1,64803.2,64807.9,1.723818
2026-07-26 21:33:00+00:00,64807.9,64833.3,64807.9,64833.2,1.386413
2026-07-26 21:34:00+00:00,64833.2,64838.9,64833.2,64838.9,0.385541
2026-07-26 21:35:00+00:00,64838.9,64838.9,64811.9,64811.9,4.937532
2026-07-26 21:36:00+00:00,64811.9,64822.9,64810.8,64822.8,2.246737
2026-07-26 21:37:00+00:00,64822.8,64822.8,64806.6,64807.2,1.519779
2026-07-26 21:38:00+00:00,64807.2,64837.4,64807.2,64824.3,3.319019
2026-07-26 21:39:00+00:00,64824.3,64824.3,64801.8,64801.8,1.378253
2026-07-26 21:40:00+00:00,64801.8,64810.1,64800.5,64800.5,1.987417
2026-07-26 21:41:00+00:00,64800.5,64828.0,64800.5,64828.0,1.833305
2026-07-26 21:42:00+00:00,64828.0,64828.0,64815.9,64817.0,1.443906
2026-07-26 21:43:00+00:00,64817.0,64848.8,64817.0,64836.8,6.462083
2026-07-26 21:44:00+00:00,64836.8,64847.2,64795.3,64795.3,4.174081
2026-07-26 21:45:00+00:00,64795.3,64833.4,64795.3,64824.3,3.218575
2026-07-26 21:46:00+00:00,64824.3,64833.4,64823.7,64826.2,1.210213
2026-07-26 21:47:00+00:00,64826.2,64835.2,64820.8,64833.9,1.40055
2026-07-26 21:48:00+00:00,64833.9,64924.4,64833.9,64892.2,7.484716
2026-07-26 21:49:00+00:00,64892.2,64898.3,64868.2,64881.3,3.192223
2026-07-26 21:50:00+00:00,64881.3,64881.3,64861.1,64861.2,2.130531
2026-07-26 21:51:00+00:00,64861.2,64861.2,64854.5,64854.5,0.54323
2026-07-26 21:52:00+00:00,64854.5,64866.0,64841.7,64865.9,3.260325
2026-07-26 21:53:00+00:00,64865.9,64880.6,64865.9,64871.0,3.303894
2026-07-26 21:54:00+00:00,64871.0,64880.9,64871.0,64874.0,0.993622
2026-07-26 21:55:00+00:00,64874.0,64885.0,64870.0,64885.0,1.40446
2026-07-26 21:56:00+00:00,64885.0,64892.3,64885.0,64892.2,1.41266
2026-07-26 21:57:00+00:00,64892.2,64892.2,64860.1,64865.2,2.458252
2026-07-26 21:58:00+00:00,64865.2,64865.3,64865.2,64865.3,0.074574
2026-07-26 21:59:00+00:00,64865.3,64865.3,64850.1,64854.2,0.768441
2026-07-26 22:00:00+00:00,64854.2,65103.9,64854.2,65078.4,47.489273
2026-07-26 22:01:00+00:00,65078.4,65088.3,65027.2,65028.9,6.857044
2026-07-26 22:02:00+00:00,65028.9,65241.4,65012.7,65111.4,27.656625
2026-07-26 22:03:00+00:00,65111.4,65196.3,65098.3,65186.8,16.038041
2026-07-26 22:04:00+00:00,65186.8,65224.7,65162.9,65163.0,12.456206
2026-07-26 22:05:00+00:00,65163.0,65193.5,65156.1,65166.2,8.804543
2026-07-26 22:06:00+00:00,65166.2,65226.8,65162.9,65184.8,9.017938
2026-07-26 22:07:00+00:00,65184.8,65202.7,65156.2,65163.6,11.190473
2026-07-26 22:08:00+00:00,65163.6,65163.6,65150.0,65163.0,3.361838
2026-07-26 22:09:00+00:00,65163.0,65222.3,65160.1,65194.7,13.376972
2026-07-26 22:10:00+00:00,65194.7,65223.9,65188.6,65217.9,3.440255
2026-07-26 22:11:00+00:00,65217.9,65218.7,65177.3,65209.3,7.912519
2026-07-26 22:12:00+00:00,65209.3,65250.0,65209.3,65225.3,10.978091
2026-07-26 22:13:00+00:00,65225.3,65235.1,65200.5,65222.8,4.01332
2026-07-26 22:14:00+00:00,65222.8,65223.4,65194.7,65210.8,5.967922
2026-07-26 22:15:00+00:00,65210.8,65239.1,65210.8,65218.8,6.103418
2026-07-26 22:16:00+00:00,65218.8,65249.9,65217.8,65238.8,4.576753
2026-07-26 22:17:00+00:00,65238.8,65238.8,65194.4,65218.3,6.222226
2026-07-26 22:18:00+00:00,65218.3,65246.5,65202.1,65246.4,3.988596
2026-07-26 22:19:00+00:00,65246.4,65246.4,65174.1,65196.1,10.619372
2026-07-26 22:20:00+00:00,65196.1,65246.3,65196.0,65233.3,4.23323
2026-07-26 22:21:00+00:00,65233.3,65233.3,65215.6,65225.8,2.661106
2026-07-26 22:22:00+00:00,65225.8,65239.2,65224.8,65224.9,2.368305
2026-07-26 22:23:00+00:00,65224.9,65245.6,65214.2,65245.6,10.499734
2026-07-26 22:24:00+00:00,65245.6,65255.3,65210.9,65210.9,4.672594
2026-07-26 22:25:00+00:00,65210.9,65211.0,65170.7,65170.8,2.916646
2026-07-26 22:26:00+00:00,65170.8,65185.2,65167.1,65185.1,2.143858
2026-07-26 22:27:00+00:00,65185.1,65229.5,65183.7,65229.4,5.751379
2026-07-26 22:28:00+00:00,65229.4,65267.8,65229.4,65240.5,4.690975
2026-07-26 22:29:00+00:00,65240.5,65242.9,65217.8,65221.4,13.211324
2026-07-26 22:30:00+00:00,65221.4,65273.4,65205.8,65217.8,11.762974
2026-07-26 22:31:00+00:00,65217.8,65240.2,65217.2,65233.7,4.379267
2026-07-26 22:32:00+00:00,65233.7,65411.7,65233.7,65359.8,57.334143
2026-07-26 22:33:00+00:00,65359.8,65412.6,65359.8,65397.1,10.895582
2026-07-26 22:34:00+00:00,65397.1,65419.9,65389.7,65389.7,5.697884
2026-07-26 22:35:00+00:00,65389.7,65423.0,65389.0,65411.5,6.887247
2026-07-26 22:36:00+00:00,65411.5,65460.3,65400.1,65415.0,12.085079
2026-07-26 22:37:00+00:00,65415.0,65466.8,65415.0,65461.9,7.383651
2026-07-26 22:38:00+00:00,65461.9,65461.9,65407.4,65435.4,4.284144
2026-07-26 22:39:00+00:00,65435.4,65435.5,65406.4,65418.4,13.05329
2026-07-26 22:40:00+00:00,65418.4,65494.8,65418.4,65494.7,7.50427
2026-07-26 22:41:00+00:00,65494.7,65505.0,65461.2,65477.1,18.647005
2026-07-26 22:42:00+00:00,65477.1,65478.5,65449.5,65467.6,4.464626
2026-07-26 22:43:00+00:00,65467.6,65476.7,65458.9,65458.9,5.417232
2026-07-26 22:44:00+00:00,65458.9,65476.0,65456.1,65474.7,3.244464
2026-07-26 22:45:00+00:00,65474.7,65476.1,65425.6,65430.9,6.260439
2026-07-26 22:46:00+00:00,65430.9,65437.4,65402.8,65402.9,3.430956
2026-07-26 22:47:00+00:00,65402.9,65423.0,65402.8,65421.2,4.282688
2026-07-26 22:48:00+00:00,65421.2,65493.2,65421.2,65473.7,12.083338
2026-07-26 22:49:00+00:00,65473.7,65491.5,65452.9,65473.3,11.225392
2026-07-26 22:50:00+00:00,65473.3,65494.9,65457.6,65457.6,7.130908
2026-07-26 22:51:00+00:00,65457.6,65457.7,65411.8,65415.8,4.560508
2026-07-26 22:52:00+00:00,65415.8,65447.3,65415.8,65446.7,4.204905
2026-07-26 22:53:00+00:00,65446.7,65446.7,65434.2,65434.2,0.557732
